		D. Trump	T. Cruz	M. Rubio	B. Carson	J. Kasich	J. Bush	M. Huckabee	R. Paul	C. Christie	C. Fiorina	R. Santorum	L. Graham	Uncommitted
Alabama	Autauga County	0.445	0.205	0.148	0.146	0.035	0.005	0.003	0.002	0.001	0.001	0	0	0.01
	Baldwin County	0.469	0.17	0.193	0.084	0.059	0.005	0.002	0.002	0.001	0.001	0.001	0	0.014
	Barbour County	0.501	0.179	0.146	0.122	0.036	0.003	0.003	0.001	0.002	0	0	0.001	0.006
	Bibb County	0.494	0.255	0.112	0.099	0.021	0.004	0.004	0.002	0.001	0.001	0	0	0.008
	Blount County	0.487	0.244	0.122	0.1	0.022	0.004	0.005	0.002	0.001	0.001	0.001	0	0.011
	Bullock County	0.565	0.17	0.116	0.085	0.042	0.013	0.002	0.004	0	0	0	0	0.005
	Butler County	0.538	0.167	0.133	0.118	0.027	0.007	0.002	0.001	0.001	0	0.001	0	0.005
	Calhoun County	0.451	0.194	0.163	0.118	0.048	0.006	0.004	0.002	0.001	0.001	0.001	0	0.01
	Chambers County	0.476	0.2	0.131	0.131	0.037	0.008	0.003	0.003	0.002	0.001	0	0	0.01
	Cherokee County	0.521	0.173	0.152	0.1	0.028	0.004	0.005	0.001	0.001	0.001	0.001	0.001	0.013
	Chilton County	0.493	0.218	0.134	0.108	0.02	0.006	0.006	0.001	0.001	0.001	0.001	0	0.011
	Choctaw County	0.499	0.21	0.147	0.079	0.032	0.009	0.005	0.003	0.001	0.001	0	0	0.013
	Clarke County	0.502	0.193	0.175	0.089	0.027	0.003	0.004	0	0.002	0	0	0	0.004
	Clay County	0.476	0.207	0.125	0.122	0.031	0.011	0.005	0.002	0.001	0.001	0.001	0.001	0.016
	Cleburne County	0.483	0.211	0.136	0.1	0.024	0.015	0.006	0.003	0.001	0.001	0.002	0.001	0.016
	Coffee County	0.414	0.233	0.155	0.132	0.036	0.006	0.004	0.003	0.001	0.001	0.001	0	0.013
	Colbert County	0.474	0.197	0.177	0.109	0.031	0.002	0.002	0.002	0	0	0	0	0.005
	Conecuh County	0.59	0.16	0.108	0.105	0.013	0.006	0.005	0.002	0	0.001	0.001	0.001	0.008
	Coosa County	0.553	0.195	0.108	0.09	0.03	0.004	0.003	0.001	0.001	0.001	0.002	0	0.01
	Covington County	0.481	0.185	0.133	0.133	0.034	0.008	0.004	0.002	0.002	0	0.001	0.001	0.016
	Crenshaw County	0.545	0.219	0.091	0.104	0.026	0.004	0	0.001	0.003	0	0.001	0.001	0.005
	Cullman County	0.506	0.203	0.135	0.11	0.027	0.004	0.003	0.002	0.001	0	0.001	0	0.008
	Dale County	0.453	0.219	0.13	0.125	0.036	0.006	0.006	0.003	0.001	0.001	0.001	0	0.018
	Dallas County	0.597	0.207	0.087	0.053	0.026	0.009	0.006	0	0	0	0.001	0	0.015
	DeKalb County	0.476	0.164	0.216	0.098	0.025	0.004	0.004	0.002	0.001	0	0	0	0.01
	Elmore County	0.478	0.182	0.134	0.148	0.036	0.005	0.003	0.003	0.001	0	0.001	0	0.009
	Escambia County	0.493	0.171	0.18	0.102	0.034	0.005	0.004	0.002	0.001	0.001	0.001	0	0.006
	Etowah County	0.461	0.207	0.168	0.112	0.033	0.004	0.003	0.002	0.001	0	0.001	0	0.007
	Fayette County	0.499	0.21	0.133	0.098	0.025	0.005	0.009	0.002	0.001	0	0.001	0	0.018
	Franklin County	0.515	0.213	0.134	0.093	0.026	0.003	0.005	0.002	0.001	0	0.001	0	0.007
	Geneva County	0.486	0.237	0.13	0.093	0.023	0.007	0.005	0.002	0.001	0.001	0.001	0	0.013
	Greene County	0.538	0.216	0.121	0.07	0.037	0.007	0.004	0	0.004	0	0.004	0	0
	Hale County	0.521	0.25	0.117	0.078	0.021	0.002	0.003	0	0.002	0.001	0	0.001	0.005
	Henry County	0.468	0.223	0.143	0.115	0.028	0.006	0.003	0.001	0.002	0.001	0.001	0	0.011
	Houston County	0.404	0.225	0.182	0.114	0.041	0.007	0.004	0.002	0.002	0.001	0.001	0	0.017
	Jackson County	0.499	0.164	0.169	0.108	0.028	0.004	0.004	0.001	0.001	0	0.001	0	0.02
	Jefferson County	0.35	0.238	0.247	0.089	0.061	0.004	0.002	0.002	0.001	0.001	0	0	0.005
	Lamar County	0.504	0.193	0.13	0.096	0.029	0.008	0.01	0.003	0.003	0.001	0.001	0.001	0.023
	Lauderdale County	0.421	0.183	0.187	0.121	0.055	0.004	0.005	0.003	0.001	0.001	0.002	0	0.017
	Lawrence County	0.528	0.176	0.135	0.107	0.029	0.006	0.004	0.001	0.001	0.001	0.002	0.001	0.009
	Lee County	0.33	0.232	0.225	0.117	0.071	0.006	0.004	0.003	0.001	0.001	0.001	0	0.01
	Limestone County	0.43	0.214	0.189	0.108	0.039	0.004	0.002	0.002	0.001	0.001	0.001	0	0.009
	Lowndes County	0.595	0.163	0.099	0.105	0.031	0.001	0.001	0.001	0	0	0	0	0.004
	Macon County	0.48	0.198	0.124	0.127	0.053	0.005	0.005	0	0	0.001	0	0	0.007
	Madison County	0.362	0.207	0.26	0.096	0.06	0.003	0.002	0.003	0.001	0.001	0.001	0	0.006
	Marengo County	0.539	0.212	0.118	0.079	0.024	0.009	0.003	0.002	0	0	0.001	0.001	0.012
	Marion County	0.529	0.192	0.139	0.089	0.025	0.006	0.006	0.002	0.001	0.001	0.002	0.001	0.008
	Marshall County	0.495	0.151	0.206	0.098	0.032	0.003	0.003	0.002	0.001	0.001	0.001	0	0.007
	Mobile County	0.452	0.215	0.189	0.077	0.046	0.005	0.002	0.003	0.001	0.001	0.001	0	0.009
	Monroe County	0.521	0.174	0.158	0.099	0.029	0.005	0.005	0.002	0.001	0	0.001	0.001	0.005
	Montgomery County	0.394	0.176	0.209	0.127	0.073	0.006	0.002	0.002	0.001	0.001	0	0	0.008
	Morgan County	0.446	0.197	0.183	0.114	0.045	0.002	0.003	0.002	0.001	0.001	0	0	0.005
	Perry County	0.515	0.33	0.088	0.04	0.005	0.005	0.003	0	0	0	0	0	0.013
	Pickens County	0.441	0.258	0.138	0.113	0.025	0.007	0.009	0.001	0.001	0	0	0	0.006
	Pike County	0.46	0.201	0.147	0.129	0.032	0.008	0.004	0.003	0.001	0	0.002	0	0.012
	Randolph County	0.516	0.207	0.128	0.093	0.029	0.008	0.005	0.002	0	0.001	0.001	0.001	0.009
	Russell County	0.474	0.27	0.123	0.079	0.028	0.005	0.002	0.002	0.002	0.001	0.001	0.001	0.01
	Shelby County	0.344	0.263	0.23	0.094	0.05	0.004	0.002	0.003	0.001	0.001	0	0	0.008
	St. Clair County	0.446	0.269	0.134	0.109	0.027	0.004	0.002	0.002	0.001	0.001	0.001	0	0.005
	Sumter County	0.591	0.16	0.139	0.075	0.014	0.014	0.004	0	0	0	0	0	0.004
	Talladega County	0.51	0.2	0.136	0.095	0.038	0.006	0.003	0.002	0.001	0	0.001	0	0.007
	Tallapoosa County	0.528	0.15	0.146	0.114	0.042	0.006	0.003	0.001	0.002	0	0.001	0	0.005
	Tuscaloosa County	0.375	0.25	0.204	0.106	0.044	0.004	0.003	0.002	0.001	0	0.001	0	0.009
	Walker County	0.551	0.204	0.108	0.09	0.024	0.004	0.003	0.001	0.001	0	0.001	0	0.012
	Washington County	0.537	0.218	0.153	0.064	0.011	0.002	0.002	0	0.001	0	0.001	0	0.008
	Wilcox County	0.544	0.216	0.121	0.083	0.023	0.006	0.004	0.002	0	0	0	0	0.002
	Winston County	0.561	0.18	0.119	0.09	0.027	0.005	0.004	0.002	0.001	0.001	0.001	0	0.009
Arkansas	Arkansas County	0.385	0.213	0.283	0.052	0.03	0.009	0.02	0.002	0.005	0.001	0	0	#N/A
	Ashley County	0.404	0.278	0.194	0.072	0.031	0.006	0.01	0.001	0.001	0.001	0	0.001	#N/A
	Baxter County	0.438	0.286	0.159	0.052	0.043	0.006	0.008	0.002	0.003	0.001	0	0	#N/A
	Benton County	0.279	0.281	0.303	0.06	0.054	0.008	0.007	0.004	0.001	0.001	0.001	0.001	#N/A
	Boone County	0.407	0.251	0.192	0.075	0.042	0.006	0.017	0.003	0.003	0.002	0.002	0	#N/A
	Bradley County	0.443	0.226	0.208	0.054	0.026	0.012	0.024	0.002	0.001	0.001	0.001	0.001	#N/A
	Calhoun County	0.416	0.344	0.184	0.027	0.01	0	0.012	0.007	0	0	0	0	#N/A
	Carroll County	0	0	0	0	0	0	0	0	0	0	0	0	#N/A
	Chicot County	0.511	0.187	0.199	0.043	0.025	0.001	0.027	0.001	0.001	0	0	0.002	#N/A
	Clark County	0.264	0.345	0.285	0.055	0.039	0.002	0.006	0.003	0.001	0	0	0	#N/A
	Clay County	0.407	0.331	0.163	0.058	0.018	0.007	0.013	0	0.001	0	0	0.001	#N/A
	Cleburne County	0.368	0.324	0.203	0.049	0.031	0.007	0.012	0.002	0.002	0.001	0	0.001	#N/A
	Cleveland County	0.336	0.368	0.209	0.041	0.021	0.005	0.014	0.001	0.001	0.001	0.001	0.001	#N/A
	Columbia County	0.365	0.3	0.201	0.066	0.033	0.011	0.015	0.003	0.001	0.001	0.003	0.001	#N/A
	Conway County	0.362	0.333	0.224	0.045	0.014	0.004	0.012	0.001	0.003	0	0.001	0.001	#N/A
	Craighead County	0.279	0.334	0.255	0.069	0.039	0.009	0.01	0.002	0.002	0	0.001	0	#N/A
	Crawford County	0.32	0.371	0.212	0.056	0.023	0.003	0.009	0.001	0.002	0	0.002	0	#N/A
	Crittenden County	0.444	0.259	0.178	0.054	0.03	0.01	0.008	0.005	0.01	0.001	0.001	0.001	#N/A
	Cross County	0.401	0.334	0.163	0.057	0.019	0.005	0.014	0.002	0.001	0.001	0.001	0.001	#N/A
	Dallas County	0.372	0.338	0.205	0.059	0.002	0.009	0.011	0.002	0	0	0	0	#N/A
	Desha County	0.531	0.17	0.22	0.036	0.011	0.009	0.018	0	0	0.005	0	0	#N/A
	Drew County	0.366	0.247	0.256	0.081	0.022	0.005	0.016	0.001	0.002	0	0.002	0	#N/A
	Faulkner County	0.272	0.333	0.29	0.051	0.032	0.006	0.01	0.003	0.001	0.001	0	0.001	#N/A
	Franklin County	0.369	0.329	0.181	0.055	0.029	0.005	0.025	0.005	0.002	0.001	0	0.001	#N/A
	Fulton County	0.47	0.278	0.131	0.08	0.023	0.002	0.011	0.004	0	0.001	0	0	#N/A
	Garland County	0.352	0.259	0.257	0.061	0.043	0.006	0.013	0.003	0.002	0.001	0	0.001	#N/A
	Grant County	0.312	0.411	0.201	0.039	0.018	0.002	0.01	0.003	0.002	0	0	0.001	#N/A
	Greene County	0.351	0.285	0.22	0.063	0.034	0.012	0.027	0.003	0.002	0.001	0	0.001	#N/A
	Hempstead County	0.339	0.378	0.163	0.049	0.038	0.002	0.026	0.003	0.001	0	0	0	#N/A
	Hot Spring County	0.373	0.322	0.208	0.055	0.019	0.003	0.016	0.001	0.001	0.001	0	0	#N/A
	Howard County	0.345	0.339	0.199	0.072	0.021	0.006	0.014	0.002	0.001	0	0.001	0.001	#N/A
	Independence County	0.349	0.276	0.23	0.079	0.039	0.003	0.018	0.003	0.001	0.001	0.001	0.001	#N/A
	Izard County	0.42	0.302	0.168	0.067	0.026	0.001	0.008	0.006	0	0	0	0	#N/A
	Jackson County	0.43	0.264	0.212	0.05	0.019	0.005	0.016	0.001	0	0.002	0.001	0.001	#N/A
	Jefferson County	0.394	0.34	0.188	0.048	0.011	0.003	0.011	0.001	0.001	0.001	0	0.001	#N/A
	Johnson County	0.397	0.298	0.183	0.069	0.029	0.004	0.015	0.002	0	0.002	0.001	0	#N/A
	Lafayette County	0.42	0.374	0.101	0.068	0.014	0.001	0.019	0	0.001	0	0.003	0	#N/A
	Lawrence County	0.358	0.343	0.185	0.072	0.017	0.007	0.012	0.002	0.002	0	0.002	0.001	#N/A
	Lee County	0.527	0.216	0.181	0.024	0.018	0.009	0.015	0.005	0.002	0	0.003	0	#N/A
	Lincoln County	0.436	0.312	0.182	0.051	0.011	0.002	0.005	0	0.001	0	0	0	#N/A
	Little River County	0.388	0.363	0.139	0.065	0.011	0.005	0.018	0.004	0.002	0.001	0	0.001	#N/A
	Logan County	0.365	0.326	0.208	0.062	0.019	0.003	0.011	0.002	0.001	0.002	0	0.001	#N/A
	Lonoke County	0.325	0.342	0.22	0.06	0.026	0.009	0.012	0.002	0.002	0.001	0	0.001	#N/A
	Madison County	0.384	0.362	0.169	0.05	0.017	0.006	0.007	0.002	0	0.001	0.002	0	#N/A
	Marion County	0.431	0.246	0.149	0.087	0.04	0.01	0.024	0.006	0.004	0.002	0.001	0	#N/A
	Miller County	0.347	0.392	0.126	0.064	0.03	0.007	0.025	0.003	0.001	0.001	0.002	0.001	#N/A
	Mississippi County	0.426	0.219	0.182	0.06	0.037	0.013	0.026	0.005	0.006	0.005	0.007	0.008	#N/A
	Monroe County	0.413	0.329	0.193	0.033	0.012	0	0.014	0.002	0	0	0	0.002	#N/A
	Montgomery County	0.416	0.268	0.178	0.062	0.042	0.006	0.019	0.005	0.002	0.002	0.001	0	#N/A
	Nevada County	0.338	0.359	0.187	0.066	0.016	0.004	0.022	0.004	0.001	0	0	0.001	#N/A
	Newton County	0.385	0.213	0.283	0.052	0.03	0.009	0.02	0.002	0.005	0.001	0	0	#N/A
	Ouachita County	0.367	0.288	0.242	0.057	0.022	0.004	0.017	0.001	0.002	0	0.001	0	#N/A
	Perry County	0.363	0.378	0.165	0.048	0.021	0.008	0.01	0.005	0	0	0	0.001	#N/A
	Phillips County	0.566	0.172	0.176	0.044	0.017	0.006	0.016	0.002	0.002	0	0	0	#N/A
	Pike County	0.339	0.333	0.217	0.072	0.02	0.003	0.014	0	0	0.001	0.002	0	#N/A
	Poinsett County	0.385	0.335	0.176	0.058	0.026	0.002	0.013	0.002	0.002	0.001	0.001	0	#N/A
	Polk County	0.403	0.222	0.221	0.066	0.033	0.006	0.039	0.003	0.002	0.002	0.001	0.002	#N/A
	Pope County	0.321	0.314	0.244	0.065	0.029	0.006	0.014	0.002	0.001	0	0.001	0.001	#N/A
	Prairie County	0.297	0.425	0.21	0.04	0.01	0.003	0.008	0.002	0.001	0.001	0.001	0.002	#N/A
	Pulaski County	0.256	0.278	0.352	0.044	0.055	0.006	0.005	0.003	0.001	0.001	0	0	#N/A
	Randolph County	0.37	0.33	0.191	0.056	0.031	0.003	0.009	0.004	0.006	0	0	0	#N/A
	Saint Francis County	0.413	0.341	0.163	0.047	0.013	0.003	0.017	0.001	0.001	0	0.001	0	#N/A
	Saline County	0.306	0.331	0.27	0.046	0.032	0.003	0.007	0.002	0.001	0	0	0	#N/A
	Scott County	0.427	0.289	0.169	0.055	0.03	0.007	0.016	0.002	0.001	0	0.001	0.001	#N/A
	Searcy County	0.39	0.354	0.138	0.061	0.027	0.003	0.018	0.007	0.001	0	0	0.001	#N/A
	Sebastian County	0.323	0.305	0.24	0.053	0.054	0.007	0.012	0.003	0.002	0.001	0.001	0	#N/A
	Sevier County	0.382	0.319	0.163	0.091	0.023	0.003	0.015	0.001	0.001	0	0	0.001	#N/A
	Sharp County	0.419	0.244	0.195	0.079	0.03	0.005	0.017	0.003	0.003	0.002	0.001	0	#N/A
	Stone County	0.392	0.308	0.17	0.077	0.024	0.006	0.017	0.003	0.002	0	0	0	#N/A
	Union County	0.352	0.337	0.196	0.055	0.026	0.007	0.014	0.005	0.001	0.001	0.002	0.002	#N/A
	Van Buren County	0.375	0.3	0.211	0.051	0.034	0.002	0.018	0.003	0	0.002	0.001	0.002	#N/A
	Washington County	0.275	0.307	0.301	0.053	0.045	0.005	0.007	0.003	0.001	0.001	0.001	0	#N/A
	White County	0.316	0.341	0.223	0.076	0.023	0.004	0.011	0.002	0.001	0.001	0.001	0	#N/A
	Woodruff County	0.442	0.289	0.156	0.068	0.017	0.01	0.01	0.003	0	0	0	0	#N/A
	Yell County	0.376	0.324	0.205	0.056	0.019	0.003	0.012	0.003	0	0	0	0.001	#N/A
Georgia	Appling County	0.415	0.294	0.148	0.098	0.027	0.01	0.005	0.002	0.001	0	0	0	#N/A
	Atkinson County	0.659	0.195	0.078	0.048	0.015	0.004	0	0	0.001	0.001	0	0	#N/A
	Bacon County	0.538	0.203	0.146	0.065	0.034	0.005	0.004	0	0.002	0.001	0.001	0.001	#N/A
	Baker County	0.602	0.2	0.097	0.057	0.018	0.007	0.007	0.005	0.002	0.005	0	0	#N/A
	Baldwin County	0.458	0.195	0.213	0.077	0.041	0.01	0.002	0.003	0.002	0	0.001	0	#N/A
	Banks County	0.489	0.284	0.12	0.068	0.023	0.004	0.006	0.002	0.002	0.002	0.001	0	#N/A
	Barrow County	0.408	0.304	0.18	0.065	0.03	0.005	0.002	0.003	0.001	0.001	0.001	0.001	#N/A
	Bartow County	0.462	0.251	0.182	0.063	0.031	0.005	0.003	0.003	0	0.001	0	0	#N/A
	Ben Hill County	0.559	0.173	0.107	0.114	0.033	0.01	0.002	0.001	0.001	0.001	0	0	#N/A
	Berrien County	0.552	0.254	0.085	0.063	0.023	0.011	0.008	0.002	0.002	0	0	0	#N/A
	Bibb County	0.388	0.222	0.229	0.076	0.072	0.006	0.002	0.002	0.002	0.001	0	0	#N/A
	Bleckley County	0.436	0.248	0.192	0.068	0.041	0.008	0.002	0.001	0.003	0.001	0	0	#N/A
	Brantley County	0.488	0.254	0.134	0.08	0.02	0.008	0.008	0.005	0	0	0.001	0	#N/A
	Brooks County	0.52	0.244	0.137	0.06	0.027	0.006	0.003	0.001	0.002	0.001	0	0.001	#N/A
	Bryan County	0.391	0.261	0.229	0.059	0.048	0.007	0.001	0.002	0.001	0.001	0	0	#N/A
	Bulloch County	0.377	0.26	0.214	0.079	0.054	0.007	0.002	0.002	0.001	0.001	0	0.001	#N/A
	Burke County	0.451	0.307	0.143	0.062	0.021	0.01	0.003	0.002	0	0	0	0	#N/A
	Butts County	0.488	0.259	0.155	0.063	0.025	0.005	0.002	0.001	0.001	0.001	0	0	#N/A
	Calhoun County	0.508	0.233	0.154	0.065	0.034	0.002	0.002	0	0.002	0	0	0	#N/A
	Camden County	0.485	0.187	0.194	0.072	0.047	0.006	0.003	0.003	0.002	0.001	0.001	0	#N/A
	Candler County	0.49	0.175	0.176	0.081	0.041	0.027	0.004	0.003	0.001	0.001	0	0.001	#N/A
	Carroll County	0.417	0.278	0.188	0.07	0.036	0.005	0.002	0.003	0.001	0	0.001	0	#N/A
	Catoosa County	0.402	0.228	0.219	0.099	0.042	0.004	0.002	0.002	0.001	0	0	0	#N/A
	Charlton County	0.473	0.251	0.164	0.068	0.016	0.015	0.006	0.004	0.002	0.001	0	0.001	#N/A
	Chatham County	0.35	0.23	0.256	0.05	0.097	0.009	0.002	0.002	0.002	0.001	0	0.001	#N/A
	Chattahoochee County	0.545	0.277	0.093	0.044	0.025	0.012	0	0.003	0	0	0	0	#N/A
	Chattooga County	0.517	0.196	0.161	0.09	0.023	0.007	0.003	0.002	0	0.001	0	0	#N/A
	Cherokee County	0.367	0.256	0.268	0.05	0.049	0.003	0.001	0.003	0.001	0.001	0	0	#N/A
	Clarke County	0.267	0.206	0.352	0.056	0.099	0.007	0.002	0.004	0.002	0.001	0.001	0.001	#N/A
	Clay County	0.517	0.185	0.165	0.066	0.043	0.014	0.003	0	0.003	0	0.003	0	#N/A
	Clayton County	0.42	0.239	0.211	0.068	0.043	0.008	0.003	0.003	0.002	0.002	0	0.001	#N/A
	Clinch County	0.509	0.202	0.137	0.105	0.015	0.02	0.001	0.005	0.002	0	0.001	0.001	#N/A
	Cobb County	0.31	0.212	0.346	0.046	0.076	0.005	0.001	0.003	0.001	0.001	0	0	#N/A
	Coffee County	0.547	0.194	0.128	0.091	0.027	0.008	0.004	0	0	0	0	0	#N/A
	Colquitt County	0.496	0.234	0.129	0.085	0.033	0.014	0.004	0.001	0.002	0.001	0.001	0	#N/A
	Columbia County	0.346	0.304	0.217	0.08	0.043	0.004	0.001	0.002	0.001	0.001	0	0	#N/A
	Cook County	0.547	0.231	0.107	0.079	0.02	0.006	0.003	0.001	0.004	0.001	0	0	#N/A
	Coweta County	0.379	0.255	0.23	0.071	0.052	0.005	0.002	0.002	0.001	0.001	0	0	#N/A
	Crawford County	0.519	0.221	0.138	0.078	0.033	0.003	0.003	0.001	0.002	0.001	0.001	0	#N/A
	Crisp County	0.502	0.222	0.166	0.062	0.034	0.005	0.003	0.001	0.002	0	0.002	0	#N/A
	Dade County	0.412	0.199	0.237	0.098	0.043	0.004	0.002	0.004	0.001	0	0	0	#N/A
	Dawson County	0.454	0.251	0.188	0.053	0.046	0.004	0.001	0.001	0.001	0.001	0	0	#N/A
	Decatur County	0.485	0.223	0.173	0.067	0.036	0.011	0.003	0.001	0.001	0	0	0	#N/A
	Dekalb County	0.252	0.154	0.412	0.04	0.126	0.008	0.001	0.003	0.002	0.002	0	0.001	#N/A
	Dodge County	0.504	0.187	0.18	0.084	0.031	0.004	0.005	0.002	0.001	0	0.001	0	#N/A
	Dooly County	0.555	0.19	0.149	0.065	0.028	0.007	0.004	0	0	0	0.002	0	#N/A
	Dougherty County	0.468	0.213	0.175	0.068	0.059	0.009	0.003	0.002	0.001	0.001	0	0.002	#N/A
	Douglas County	0.428	0.251	0.209	0.061	0.037	0.006	0.003	0.002	0.001	0.001	0	0.001	#N/A
	Early County	0.561	0.166	0.165	0.055	0.032	0.013	0.004	0.001	0.001	0	0.001	0.001	#N/A
	Echols County	0.583	0.239	0.08	0.067	0.011	0.004	0.007	0.004	0.002	0.002	0	0	#N/A
	Effingham County	0.393	0.333	0.161	0.066	0.033	0.006	0.002	0.004	0	0.001	0.001	0.001	#N/A
	Elbert County	0.459	0.236	0.184	0.056	0.049	0.009	0.002	0.001	0	0.001	0.001	0	#N/A
	Emanuel County	0.502	0.233	0.156	0.067	0.029	0.004	0.004	0.002	0.001	0.001	0	0.001	#N/A
	Evans County	0.38	0.259	0.244	0.063	0.033	0.014	0.003	0.001	0.002	0.002	0	0	#N/A
	Fannin County	0.532	0.203	0.153	0.062	0.038	0.005	0.004	0.001	0.001	0.001	0	0	#N/A
	Fayette County	0.327	0.236	0.294	0.061	0.07	0.005	0.001	0.002	0.001	0.001	0.001	0	#N/A
	Floyd County	0.422	0.203	0.223	0.081	0.059	0.005	0.002	0.002	0.001	0.001	0	0	#N/A
	Forsyth County	0.372	0.236	0.285	0.042	0.054	0.005	0.001	0.002	0.001	0.001	0	0	#N/A
	Franklin County	0.46	0.252	0.17	0.07	0.034	0.007	0.003	0.002	0.001	0	0	0.001	#N/A
	Fulton County	0.266	0.146	0.416	0.033	0.125	0.007	0.001	0.003	0.001	0.001	0	0	#N/A
	Gilmer County	0.516	0.207	0.179	0.049	0.036	0.005	0.003	0.002	0	0.001	0.001	0	#N/A
	Glascock County	0.586	0.187	0.127	0.061	0.014	0.014	0.001	0.001	0.001	0.004	0	0.001	#N/A
	Glynn County	0.438	0.203	0.202	0.067	0.075	0.008	0.002	0.002	0.002	0.001	0.001	0	#N/A
	Gordon County	0.506	0.187	0.166	0.085	0.041	0.006	0.004	0.002	0.001	0.001	0.001	0	#N/A
	Grady County	0.445	0.252	0.173	0.081	0.034	0.01	0.003	0.002	0.001	0	0	0	#N/A
	Greene County	0.412	0.169	0.26	0.048	0.096	0.008	0.002	0.001	0.002	0.001	0.001	0.001	#N/A
	Gwinnett County	0.325	0.257	0.301	0.051	0.055	0.004	0.001	0.002	0.001	0.001	0	0	#N/A
	Habersham County	0.418	0.266	0.189	0.075	0.039	0.006	0.004	0.001	0.001	0.001	0	0	#N/A
	Hall County	0.385	0.278	0.208	0.07	0.047	0.005	0.002	0.002	0.001	0.001	0	0	#N/A
	Hancock County	0.554	0.148	0.153	0.07	0.046	0	0.012	0.005	0.01	0	0	0.002	#N/A
	Haralson County	0.495	0.255	0.138	0.077	0.022	0.005	0.003	0.002	0.001	0.001	0.001	0.001	#N/A
	Harris County	0.369	0.282	0.187	0.099	0.05	0.006	0.003	0.002	0.001	0.001	0	0	#N/A
	Hart County	0.442	0.229	0.192	0.084	0.041	0.006	0.002	0.001	0.001	0	0.001	0	#N/A
	Heard County	0.552	0.214	0.112	0.057	0.053	0.007	0.003	0.001	0	0.001	0	0	#N/A
	Henry County	0.402	0.29	0.204	0.06	0.03	0.006	0.002	0.002	0.001	0.001	0	0	#N/A
	Houston County	0.37	0.268	0.216	0.087	0.045	0.006	0.003	0.003	0.001	0.001	0	0	#N/A
	Irwin County	0.574	0.195	0.102	0.098	0.024	0.003	0.003	0	0	0	0.001	0	#N/A
	Jackson County	0.429	0.278	0.188	0.065	0.032	0.003	0.002	0.001	0.001	0.001	0	0	#N/A
	Jasper County	0.484	0.282	0.149	0.046	0.027	0.007	0.001	0.002	0.001	0.001	0	0	#N/A
	Jeff Davis County	0.469	0.237	0.16	0.085	0.03	0.009	0.006	0.001	0.001	0	0	0.001	#N/A
	Jefferson County	0.478	0.282	0.151	0.053	0.023	0.009	0.001	0	0	0.001	0.001	0.001	#N/A
	Jenkins County	0.518	0.227	0.163	0.048	0.025	0.008	0.007	0.001	0	0.001	0	0.001	#N/A
	Johnson County	0.536	0.211	0.138	0.087	0.019	0.003	0.003	0.003	0	0	0	0.001	#N/A
	Jones County	0.49	0.216	0.156	0.091	0.03	0.008	0.003	0.003	0.003	0	0.001	0.001	#N/A
	Lamar County	0.455	0.236	0.146	0.114	0.032	0.007	0.002	0.003	0.003	0.001	0.001	0	#N/A
	Lanier County	0.569	0.218	0.123	0.056	0.027	0.004	0	0.001	0.001	0	0	0.001	#N/A
	Laurens County	0.444	0.224	0.184	0.101	0.033	0.007	0.002	0.001	0.001	0	0.001	0.001	#N/A
	Lee County	0.513	0.239	0.139	0.065	0.031	0.007	0.003	0.002	0.001	0.001	0	0	#N/A
	Liberty County	0.458	0.222	0.194	0.066	0.044	0.009	0.001	0.003	0.001	0.001	0	0.001	#N/A
	Lincoln County	0.442	0.307	0.157	0.07	0.013	0.007	0.001	0	0.002	0.001	0.001	0.001	#N/A
	Long County	0.553	0.217	0.124	0.069	0.017	0.011	0.002	0.003	0.002	0	0.001	0.001	#N/A
	Lowndes County	0.442	0.266	0.168	0.08	0.033	0.006	0.002	0.001	0.001	0.001	0	0	#N/A
	Lumpkin County	0.416	0.279	0.174	0.069	0.051	0.004	0.002	0.003	0.001	0.001	0	0	#N/A
	Macon County	0.504	0.197	0.164	0.083	0.034	0.011	0.001	0.002	0.004	0	0	0	#N/A
	Madison County	0.445	0.286	0.154	0.072	0.027	0.008	0.003	0.003	0.001	0.001	0	0	#N/A
	Marion County	0.536	0.259	0.108	0.062	0.017	0.007	0.006	0.002	0	0	0.001	0.002	#N/A
	Mcduffie County	0.407	0.33	0.159	0.064	0.028	0.008	0.002	0.001	0	0.001	0.001	0	#N/A
	Mcintosh County	0.54	0.187	0.15	0.053	0.048	0.013	0.005	0.002	0.003	0	0	0.001	#N/A
	Meriwether County	0.481	0.238	0.165	0.075	0.035	0.003	0	0.002	0.001	0	0.001	0	#N/A
	Miller County	0.603	0.165	0.151	0.046	0.016	0.012	0.002	0.002	0.002	0	0	0	#N/A
	Mitchell County	0.547	0.194	0.131	0.071	0.039	0.011	0.005	0.001	0.001	0.001	0	0	#N/A
	Monroe County	0.409	0.263	0.183	0.087	0.048	0.005	0.002	0.001	0	0	0	0.001	#N/A
	Montgomery County	0.489	0.235	0.137	0.102	0.024	0.004	0.002	0.005	0.001	0	0	0	#N/A
	Morgan County	0.399	0.277	0.21	0.057	0.044	0.005	0.002	0.001	0.001	0.001	0.001	0	#N/A
	Murray County	0.572	0.191	0.125	0.076	0.022	0.006	0.003	0.002	0.001	0	0.001	0	#N/A
	Muscogee County	0.344	0.27	0.221	0.076	0.072	0.009	0.002	0.002	0.002	0.001	0	0.001	#N/A
	Newton County	0.44	0.273	0.19	0.058	0.028	0.005	0.002	0.002	0.001	0.001	0.001	0	#N/A
	Oconee County	0.314	0.257	0.282	0.063	0.073	0.005	0.001	0.002	0.001	0.001	0	0	#N/A
	Oglethorpe County	0.439	0.273	0.157	0.07	0.041	0.011	0.002	0.004	0.002	0.001	0	0	#N/A
	Paulding County	0.414	0.281	0.209	0.057	0.027	0.005	0.002	0.003	0.001	0	0	0	#N/A
	Peach County	0.434	0.26	0.169	0.085	0.041	0.004	0.003	0.001	0.001	0.001	0	0	#N/A
	Pickens County	0.481	0.225	0.19	0.049	0.044	0.005	0.002	0.002	0.001	0	0	0	#N/A
	Pierce County	0.404	0.312	0.179	0.067	0.021	0.009	0.003	0.003	0.001	0	0	0	#N/A
	Pike County	0.438	0.271	0.154	0.102	0.023	0.006	0.002	0.003	0.001	0.001	0	0	#N/A
	Polk County	0.556	0.18	0.156	0.065	0.029	0.005	0.004	0.001	0.001	0	0.001	0	#N/A
	Pulaski County	0.504	0.177	0.196	0.068	0.035	0.01	0.006	0.001	0.003	0	0	0	#N/A
	Putnam County	0.492	0.185	0.21	0.061	0.04	0.005	0.003	0.001	0	0.001	0.001	0	#N/A
	Quitman County	0.572	0.135	0.148	0.079	0.039	0.023	0.003	0	0	0	0	0	#N/A
	Rabun County	0.459	0.19	0.204	0.073	0.056	0.009	0.004	0.002	0.002	0.002	0	0	#N/A
	Randolph County	0.587	0.177	0.113	0.071	0.023	0.021	0.001	0.001	0	0	0.001	0.001	#N/A
	Richmond County	0.368	0.285	0.217	0.075	0.043	0.005	0.001	0.002	0.001	0	0	0	#N/A
	Rockdale County	0.41	0.253	0.232	0.053	0.039	0.006	0.002	0.001	0.001	0.001	0	0	#N/A
	Schley County	0.428	0.288	0.142	0.096	0.03	0.009	0.004	0	0.001	0	0	0.001	#N/A
	Screven County	0.458	0.217	0.187	0.082	0.041	0.01	0.001	0	0.001	0	0.001	0.002	#N/A
	Seminole County	0.538	0.188	0.176	0.056	0.026	0.007	0.002	0.003	0.001	0.001	0.001	0	#N/A
	Spalding County	0.427	0.245	0.194	0.078	0.042	0.007	0.002	0.002	0.001	0.001	0.001	0	#N/A
	Stephens County	0.415	0.212	0.221	0.089	0.038	0.018	0.002	0.001	0.002	0.001	0	0.001	#N/A
	Stewart County	0.559	0.223	0.097	0.058	0.037	0.005	0.005	0.01	0.003	0	0	0	#N/A
	Sumter County	0.459	0.229	0.182	0.078	0.038	0.006	0.003	0.001	0.001	0.001	0	0.001	#N/A
	Talbot County	0.535	0.235	0.106	0.078	0.035	0.003	0.001	0.006	0	0	0	0	#N/A
	Taliaferro County	0.518	0.244	0.122	0.041	0.051	0.025	0	0	0	0	0	0	#N/A
	Tattnall County	0.426	0.284	0.179	0.065	0.033	0.009	0.003	0	0.001	0	0	0	#N/A
	Taylor County	0.517	0.192	0.133	0.116	0.027	0.008	0.001	0	0.002	0.002	0.001	0.002	#N/A
	Telfair County	0.515	0.174	0.141	0.109	0.042	0.007	0.008	0.001	0.001	0.001	0	0	#N/A
	Terrell County	0.559	0.214	0.119	0.061	0.026	0.007	0.006	0.003	0.003	0	0	0.001	#N/A
	Thomas County	0.4	0.235	0.197	0.101	0.048	0.011	0.003	0.002	0.001	0.001	0.001	0	#N/A
	Tift County	0.478	0.228	0.163	0.077	0.04	0.008	0.004	0.001	0.001	0	0.001	0	#N/A
	Toombs County	0.417	0.237	0.2	0.095	0.033	0.009	0.004	0.001	0.001	0	0	0	#N/A
	Towns County	0.46	0.2	0.206	0.067	0.057	0.003	0.001	0.003	0.001	0.001	0	0	#N/A
	Treutlen County	0.542	0.228	0.12	0.083	0.011	0.007	0.004	0	0.001	0	0.001	0.001	#N/A
	Troup County	0.434	0.234	0.187	0.087	0.041	0.007	0.004	0.001	0.002	0.001	0.001	0	#N/A
	Turner County	0.569	0.216	0.104	0.072	0.027	0.004	0.002	0.004	0.002	0	0	0	#N/A
	Twiggs County	0.551	0.247	0.115	0.046	0.032	0.003	0.002	0.002	0.001	0.001	0	0.001	#N/A
	Union County	0.456	0.239	0.176	0.07	0.046	0.006	0.002	0.002	0.001	0.001	0	0	#N/A
	Upson County	0.487	0.204	0.159	0.109	0.028	0.007	0.003	0.002	0.001	0	0.001	0	#N/A
	Walker County	0.422	0.211	0.216	0.097	0.041	0.005	0.003	0.002	0.002	0	0.001	0	#N/A
	Walton County	0.416	0.309	0.181	0.055	0.028	0.004	0.003	0.002	0.001	0.001	0	0	#N/A
	Ware County	0.434	0.306	0.145	0.069	0.027	0.009	0.004	0.004	0.001	0.001	0	0	#N/A
	Warren County	0.471	0.288	0.152	0.055	0.021	0.003	0.002	0.003	0.002	0.003	0	0	#N/A
	Washington County	0.442	0.211	0.218	0.08	0.034	0.007	0.003	0.001	0.002	0.001	0	0.002	#N/A
	Wayne County	0.457	0.261	0.15	0.075	0.037	0.009	0.004	0.003	0.001	0	0	0.001	#N/A
	Webster County	0.518	0.23	0.125	0.065	0.038	0.005	0.008	0.003	0.008	0	0	0	#N/A
	Wheeler County	0.501	0.205	0.142	0.108	0.027	0.007	0.005	0.002	0.002	0	0	0.002	#N/A
	White County	0.453	0.252	0.175	0.07	0.039	0.004	0.004	0.002	0.001	0.001	0	0	#N/A
	Whitfield County	0.466	0.18	0.21	0.089	0.044	0.006	0.002	0.003	0.001	0	0	0	#N/A
	Wilcox County	0.552	0.268	0.095	0.054	0.016	0.006	0.005	0.002	0.002	0	0	0	#N/A
	Wilkes County	0.486	0.22	0.185	0.063	0.032	0.006	0.003	0.002	0.001	0.002	0.001	0.001	#N/A
	Wilkinson County	0.476	0.259	0.129	0.09	0.026	0.008	0.006	0.003	0.001	0	0.001	0	#N/A
	Worth County	0.552	0.243	0.095	0.064	0.027	0.011	0.003	0.002	0.001	0.001	0	0	#N/A
Massachusetts	Barnstable County	0.516	0.09	0.157	0.031	0.177	0.013	0.001	0.002	0.004	0.002	0.001	#N/A	0.005
	Berkshire County	0.433	0.127	0.192	0.048	0.16	0.011	0.003	0.004	0.004	0.001	0.001	#N/A	0.006
	Bristol County	0.549	0.103	0.164	0.032	0.13	0.007	0.001	0.003	0.002	0.002	0.001	#N/A	0.005
	Dukes County	0.484	0.096	0.15	0.029	0.198	0.018	0.003	0.003	0.003	0.003	0	#N/A	0.01
	Essex County	0.521	0.088	0.168	0.022	0.175	0.01	0.001	0.003	0.002	0.002	0	#N/A	0.004
	Franklin County	0.411	0.099	0.177	0.045	0.232	0.009	0.003	0.005	0.003	0.001	0.002	#N/A	0.01
	Hampden County	0.496	0.123	0.155	0.034	0.169	0.006	0.001	0.003	0.002	0.001	0.001	#N/A	0.005
	Hampshire County	0.458	0.111	0.166	0.031	0.209	0.007	0.001	0.004	0.002	0.002	0	#N/A	0.006
	Middlesex County	0.468	0.087	0.193	0.02	0.205	0.01	0.001	0.003	0.003	0.002	0	#N/A	0.005
	Nantucket County	0.494	0.102	0.18	0.028	0.152	0.018	0.001	0.005	0.007	0	0	#N/A	0.01
	Norfolk County	0.463	0.085	0.201	0.019	0.206	0.01	0.001	0.002	0.003	0.002	0	#N/A	0.005
	Plymouth County	0.537	0.093	0.158	0.025	0.162	0.011	0.001	0.003	0.003	0.002	0	#N/A	0.004
	Suffolk County	0.464	0.078	0.215	0.017	0.201	0.009	0.001	0.003	0.002	0.002	0.001	#N/A	0.005
	Worcester County	0.488	0.118	0.176	0.036	0.154	0.012	0.001	0.003	0.003	0.002	0	#N/A	0.006
Oklahoma	Adair County	0.316	0.332	0.247	0.072	0.014	0.004	0.006	0.003	0.003	0.001	0.001	0.001	#N/A
	Alfalfa County	0.294	0.368	0.239	0.059	0.016	0.007	0.008	0.004	0.003	0.002	0	0	#N/A
	Atoka County	0.374	0.362	0.14	0.082	0.024	0.003	0.012	0.001	0.001	0	0	0	#N/A
	Beaver County	0.246	0.48	0.132	0.094	0.02	0.006	0.011	0.005	0.003	0.001	0	0.002	#N/A
	Beckham County	0.305	0.412	0.188	0.058	0.026	0.004	0.002	0.003	0	0.001	0	0	#N/A
	Blaine County	0.312	0.368	0.209	0.068	0.02	0.009	0.002	0.006	0.001	0.003	0.003	0.001	#N/A
	Bryan County	0.311	0.44	0.117	0.091	0.024	0.002	0.005	0.005	0.001	0.001	0.001	0.001	#N/A
	Caddo County	0.291	0.422	0.179	0.072	0.02	0.006	0.005	0.001	0	0	0	0	#N/A
	Canadian County	0.277	0.362	0.26	0.061	0.027	0.004	0.002	0.004	0.001	0.002	0	0	#N/A
	Carter County	0.321	0.356	0.173	0.095	0.035	0.005	0.004	0.006	0.001	0.001	0.001	0.001	#N/A
	Cherokee County	0.276	0.32	0.264	0.093	0.028	0.003	0.008	0.005	0.001	0.001	0	0	#N/A
	Choctaw County	0.432	0.329	0.11	0.082	0.034	0.003	0.006	0.006	0	0	0	0	#N/A
	Cimarron County	0.257	0.422	0.139	0.135	0.025	0.004	0	0.017	0	0	0.002	0	#N/A
	Cleveland County	0.262	0.344	0.282	0.057	0.041	0.004	0.002	0.005	0.001	0.001	0.001	0.001	#N/A
	Coal County	0.397	0.335	0.14	0.07	0.016	0.012	0	0.008	0.008	0.016	0	0	#N/A
	Comanche County	0.29	0.417	0.173	0.063	0.039	0.006	0.003	0.004	0.001	0.001	0.001	0.001	#N/A
	Cotton County	0.238	0.524	0.126	0.074	0.02	0	0.007	0.007	0.003	0	0.002	0	#N/A
	Craig County	0.347	0.344	0.191	0.082	0.03	0.002	0.003	0.001	0	0	0	0	#N/A
	Creek County	0.323	0.37	0.207	0.062	0.024	0.004	0.003	0.004	0.001	0.001	0	0.001	#N/A
	Custer County	0.221	0.425	0.248	0.07	0.022	0.005	0.002	0.004	0.001	0.001	0.001	0	#N/A
	Delaware County	0.369	0.292	0.229	0.067	0.028	0.004	0.006	0.001	0.001	0.001	0.001	0.001	#N/A
	Dewey County	0.304	0.426	0.145	0.104	0.007	0.005	0.006	0.001	0.002	0	0	0	#N/A
	Ellis County	0.277	0.398	0.209	0.066	0.031	0.007	0.007	0.001	0.003	0.001	0	0	#N/A
	Garfield County	0.301	0.307	0.279	0.06	0.033	0.008	0.004	0.003	0.002	0.002	0.001	0	#N/A
	Garvin County	0.344	0.393	0.161	0.068	0.017	0.006	0.005	0.003	0.001	0.001	0	0	#N/A
	Grady County	0.297	0.394	0.217	0.058	0.021	0.005	0.002	0.003	0.001	0.001	0.001	0	#N/A
	Grant County	0.335	0.318	0.236	0.065	0.029	0.004	0.004	0.004	0.001	0.001	0.002	0	#N/A
	Greer County	0.379	0.311	0.195	0.072	0.027	0	0	0.017	0	0	0	0	#N/A
	Harmon County	0.256	0.328	0.267	0.1	0.017	0.017	0.017	0	0	0	0	0	#N/A
	Harper County	0.281	0.418	0.191	0.069	0.012	0.007	0.01	0.009	0	0	0.001	0.001	#N/A
	Haskell County	0.369	0.393	0.147	0.073	0.015	0	0.001	0	0.001	0	0	0	#N/A
	Hughes County	0.355	0.416	0.151	0.045	0.021	0.005	0.003	0.001	0.001	0	0	0.001	#N/A
	Jackson County	0.319	0.372	0.184	0.076	0.04	0.002	0.004	0.001	0	0	0.001	0	#N/A
	Jefferson County	0.342	0.392	0.161	0.066	0.032	0	0	0.008	0	0	0	0	#N/A
	Johnston County	0.367	0.355	0.136	0.087	0.035	0.007	0.004	0.001	0.004	0.003	0	0	#N/A
	Kay County	0.3	0.341	0.248	0.056	0.034	0.005	0.006	0.004	0.002	0.001	0.002	0	#N/A
	Kingfisher County	0.306	0.341	0.261	0.053	0.021	0.009	0.002	0.004	0.002	0.001	0	0	#N/A
	Kiowa County	0.296	0.382	0.221	0.055	0.032	0.005	0.004	0.003	0	0.001	0.001	0.001	#N/A
	Latimer County	0.367	0.346	0.182	0.055	0.031	0.006	0.006	0	0	0.002	0.002	0.002	#N/A
	Le Flore County	0.311	0.425	0.167	0.064	0.017	0.002	0.007	0.006	0	0.001	0	0.001	#N/A
	Lincoln County	0.319	0.382	0.193	0.071	0.021	0.004	0.003	0.004	0.001	0.001	0.001	0	#N/A
	Logan County	0.289	0.363	0.246	0.058	0.031	0.003	0.002	0.004	0.001	0.001	0.001	0	#N/A
	Love County	0.422	0.342	0.145	0.063	0.023	0	0	0.006	0	0	0	0	#N/A
	Major County	0.253	0.429	0.213	0.056	0.024	0.011	0.004	0.005	0.005	0.001	0	0.001	#N/A
	Marshall County	0.408	0.302	0.173	0.086	0.021	0.003	0.003	0.003	0	0	0.001	0	#N/A
	Mayes County	0.353	0.325	0.212	0.078	0.021	0.002	0.003	0.002	0.001	0	0.001	0	#N/A
	Mcclain County	0.288	0.406	0.206	0.066	0.022	0.004	0.002	0.003	0.001	0.001	0	0	#N/A
	Mccurtain County	0.347	0.348	0.163	0.091	0.03	0.006	0.01	0.001	0.001	0.001	0.001	0	#N/A
	Mcintosh County	0.388	0.322	0.202	0.052	0.026	0.003	0.002	0.002	0.001	0.001	0.001	0	#N/A
	Murray County	0.35	0.345	0.204	0.075	0.013	0.004	0.002	0.007	0	0	0	0	#N/A
	Muskogee County	0.294	0.31	0.287	0.068	0.029	0.003	0.004	0.003	0.001	0.001	0.001	0.001	#N/A
	Noble County	0.315	0.317	0.248	0.066	0.032	0.007	0.006	0.001	0.001	0.002	0.002	0.001	#N/A
	Nowata County	0.337	0.351	0.205	0.069	0.024	0.004	0.004	0.002	0.001	0	0.001	0.002	#N/A
	Okfuskee County	0.311	0.396	0.182	0.076	0.023	0.001	0.006	0	0.001	0	0.001	0.001	#N/A
	Oklahoma County	0.25	0.304	0.328	0.056	0.045	0.005	0.002	0.004	0.001	0.002	0.001	0.001	#N/A
	Okmulgee County	0.312	0.379	0.204	0.073	0.021	0.003	0.002	0.003	0.001	0.001	0.001	0	#N/A
	Osage County	0.315	0.38	0.201	0.064	0.025	0.004	0.004	0.004	0.001	0.001	0.001	0.001	#N/A
	Ottawa County	0.317	0.347	0.19	0.086	0.04	0.005	0.006	0.004	0.002	0.003	0	0	#N/A
	Pawnee County	0.349	0.378	0.178	0.066	0.016	0.003	0.004	0.003	0.003	0.001	0.001	0.001	#N/A
	Payne County	0.259	0.292	0.311	0.07	0.047	0.007	0.003	0.004	0.002	0.003	0.001	0.001	#N/A
	Pittsburg County	0.374	0.288	0.212	0.073	0.033	0.005	0.007	0.004	0.002	0.001	0.001	0.001	#N/A
	Pontotoc County	0.282	0.324	0.244	0.102	0.032	0.005	0.006	0.003	0.001	0.001	0.001	0	#N/A
	Pottawatomie County	0.293	0.37	0.229	0.068	0.028	0.002	0.003	0.004	0.001	0.001	0.001	0.001	#N/A
	Pushmataha County	0.396	0.338	0.123	0.103	0.031	0.004	0.005	0	0	0	0	0	#N/A
	Roger Mills County	0.267	0.453	0.154	0.075	0.031	0.004	0.006	0.006	0.002	0	0	0	#N/A
	Rogers County	0.306	0.372	0.226	0.061	0.024	0.003	0.002	0.003	0.001	0.001	0.001	0.001	#N/A
	Seminole County	0.315	0.379	0.204	0.067	0.021	0.003	0.005	0.004	0.001	0	0.001	0.001	#N/A
	Sequoyah County	0.345	0.374	0.183	0.064	0.024	0.001	0.004	0.002	0.001	0.001	0.001	0.001	#N/A
	Stephens County	0.295	0.446	0.148	0.067	0.03	0.005	0.003	0.004	0.001	0.002	0	0	#N/A
	Texas County	0.295	0.394	0.152	0.114	0.022	0.01	0.005	0.004	0.002	0	0.001	0.001	#N/A
	Tillman County	0.285	0.413	0.192	0.068	0.029	0.006	0.004	0.003	0	0	0	0	#N/A
	Tulsa County	0.271	0.316	0.295	0.056	0.048	0.005	0.002	0.004	0.001	0.002	0.001	0	#N/A
	Wagoner County	0.301	0.387	0.22	0.06	0.023	0.003	0.002	0.002	0	0.001	0.001	0	#N/A
	Washington County	0.242	0.384	0.261	0.058	0.041	0.003	0.002	0.003	0.001	0.001	0.001	0	#N/A
	Washita County	0.272	0.433	0.204	0.058	0.017	0.005	0.003	0.004	0.002	0	0.001	0.001	#N/A
	Woods County	0.305	0.361	0.228	0.065	0.025	0.006	0.004	0.003	0.001	0.001	0	0.002	#N/A
	Woodward County	0.34	0.376	0.179	0.063	0.028	0.004	0.005	0.003	0.001	0	0	0	#N/A
Tennessee	Anderson County	0.4	0.228	0.218	0.08	0.052	0.011	0.003	0.002	0.001	0.001	0.001	0	#N/A
	Bedford County	0.488	0.262	0.13	0.075	0.032	0.006	0.002	0.001	0.001	0	0.001	0	#N/A
	Benton County	0.519	0.256	0.125	0.055	0.033	0.007	0.002	0.001	0	0	0	0	#N/A
	Bledsoe County	0.492	0.238	0.139	0.081	0.027	0.009	0.005	0.002	0.001	0	0.002	0.001	#N/A
	Blount County	0.377	0.223	0.239	0.081	0.055	0.013	0.003	0.002	0.001	0.001	0.001	0	#N/A
	Bradley County	0.366	0.217	0.244	0.103	0.047	0.012	0.004	0.002	0.001	0.001	0.001	0	#N/A
	Campbell County	0.519	0.196	0.167	0.068	0.034	0.008	0.002	0.001	0.001	0.001	0.001	0	#N/A
	Cannon County	0.53	0.28	0.083	0.068	0.021	0.007	0.002	0.001	0.003	0.001	0.001	0	#N/A
	Carroll County	0.432	0.265	0.157	0.086	0.04	0.01	0.004	0.001	0.001	0	0.001	0.001	#N/A
	Carter County	0.444	0.245	0.183	0.073	0.033	0.011	0.005	0.001	0.002	0.001	0.001	0.001	#N/A
	Cheatham County	0.443	0.284	0.148	0.073	0.037	0.007	0.002	0.002	0	0	0.001	0	#N/A
	Chester County	0.412	0.262	0.152	0.128	0.025	0.011	0.004	0.001	0.001	0	0.001	0	#N/A
	Claiborne County	0.538	0.213	0.144	0.053	0.031	0.008	0.004	0.002	0.002	0.001	0	0.001	#N/A
	Clay County	0.571	0.171	0.139	0.063	0.035	0.007	0	0.006	0.003	0	0.001	0	#N/A
	Cocke County	0.531	0.215	0.127	0.059	0.034	0.014	0.008	0.002	0.002	0.001	0.001	0	#N/A
	Coffee County	0.425	0.265	0.158	0.085	0.047	0.009	0.002	0.002	0.001	0.001	0.001	0	#N/A
	Crockett County	0.475	0.257	0.131	0.09	0.026	0.012	0.003	0.002	0.002	0	0	0	#N/A
	Cumberland County	0.432	0.257	0.165	0.066	0.056	0.013	0.003	0.002	0.002	0.001	0.001	0	#N/A
	Davidson County	0.31	0.22	0.293	0.066	0.088	0.015	0.002	0.003	0.001	0.001	0.001	0	#N/A
	Decatur County	0.528	0.23	0.125	0.069	0.029	0.008	0.003	0.001	0.003	0.001	0.001	0	#N/A
	Dekalb County	0.507	0.245	0.141	0.072	0.036	0	0	0	0	0	0	0	#N/A
	Dickson County	0.438	0.283	0.148	0.083	0.032	0.008	0.002	0.001	0.001	0.001	0	0	#N/A
	Dyer County	0.472	0.249	0.16	0.071	0.027	0.013	0.004	0.001	0.001	0.001	0	0	#N/A
	Fayette County	0.396	0.347	0.154	0.059	0.029	0.006	0.004	0.002	0.001	0	0	0.001	#N/A
	Fentress County	0.486	0.308	0.111	0.05	0.025	0.008	0.006	0	0.001	0.001	0	0	#N/A
	Franklin County	0.48	0.226	0.148	0.087	0.041	0.008	0.003	0.001	0.001	0	0.001	0	#N/A
	Gibson County	0.417	0.277	0.147	0.111	0.032	0.007	0.002	0.002	0.002	0	0.001	0.001	#N/A
	Giles County	0.506	0.238	0.14	0.072	0.025	0.008	0.005	0.002	0.001	0.001	0.001	0	#N/A
	Grainger County	0.504	0.227	0.159	0.049	0.032	0.015	0.004	0.002	0.002	0.002	0.001	0	#N/A
	Greene County	0.454	0.232	0.167	0.078	0.04	0.015	0.004	0.003	0.002	0.001	0.001	0	#N/A
	Grundy County	0.558	0.234	0.081	0.086	0.018	0.01	0.004	0.001	0.002	0	0.001	0.001	#N/A
	Hamblen County	0.444	0.211	0.185	0.078	0.047	0.015	0.006	0.003	0.002	0.001	0	0.001	#N/A
	Hamilton County	0.329	0.187	0.279	0.098	0.071	0.011	0.002	0.012	0.003	0.001	0.004	0	#N/A
	Hancock County	0.49	0.236	0.17	0.045	0.036	0.016	0.001	0.002	0.001	0	0	0	#N/A
	Hardeman County	0.493	0.241	0.133	0.091	0.024	0.008	0.005	0	0.001	0.001	0.001	0	#N/A
	Hardin County	0.546	0.164	0.156	0.074	0.042	0.011	0.004	0	0.001	0.001	0.001	0	#N/A
	Hawkins County	0.483	0.224	0.159	0.062	0.039	0.015	0.008	0.002	0.001	0.001	0.001	0	#N/A
	Haywood County	0.407	0.316	0.149	0.07	0.037	0.011	0.004	0.001	0.003	0	0	0	#N/A
	Henderson County	0.463	0.243	0.144	0.092	0.036	0.012	0.004	0.002	0.001	0.001	0.001	0.001	#N/A
	Henry County	0.489	0.224	0.138	0.068	0.047	0.013	0.005	0.002	0.003	0.002	0	0	#N/A
	Hickman County	0.47	0.297	0.117	0.074	0.024	0.008	0.003	0.001	0.001	0.001	0.001	0.001	#N/A
	Houston County	0.512	0.226	0.156	0.066	0.025	0.006	0	0.001	0.002	0.003	0.001	0	#N/A
	Humphreys County	0.517	0.226	0.139	0.073	0.026	0.011	0.001	0.001	0	0.001	0.001	0	#N/A
	Jackson County	0.468	0.295	0.126	0.06	0.035	0.005	0.004	0.001	0.003	0	0	0	#N/A
	Jefferson County	0.449	0.223	0.175	0.074	0.045	0.018	0.004	0.002	0.001	0.002	0.001	0	#N/A
	Johnson County	0.46	0.261	0.159	0.06	0.036	0.01	0.005	0.002	0.002	0.001	0.001	0	#N/A
	Knox County	0.324	0.209	0.283	0.074	0.078	0.018	0.003	0.003	0.002	0.001	0.001	0.001	#N/A
	Lake County	0.562	0.216	0.124	0.078	0.012	0.002	0.002	0	0	0.002	0.002	0	#N/A
	Lauderdale County	0.477	0.274	0.131	0.069	0.027	0.009	0.005	0.001	0.004	0	0	0	#N/A
	Lawrence County	0.497	0.27	0.119	0.068	0.025	0.007	0.006	0.002	0.002	0	0.001	0	#N/A
	Lewis County	0.507	0.269	0.11	0.078	0.017	0.008	0.001	0.003	0.003	0.002	0	0.001	#N/A
	Lincoln County	0.483	0.229	0.155	0.089	0.029	0.008	0.001	0.002	0.001	0.001	0.001	0	#N/A
	Loudon County	0.402	0.211	0.221	0.064	0.075	0.014	0.004	0.002	0.002	0.002	0.001	0	#N/A
	Macon County	0.571	0.241	0.092	0.06	0.015	0.011	0.004	0.002	0.001	0.001	0	0	#N/A
	Madison County	0.342	0.296	0.209	0.091	0.042	0.01	0.002	0.002	0.001	0.001	0.001	0	#N/A
	Marion County	0.504	0.193	0.164	0.076	0.04	0.009	0.003	0.002	0.002	0.002	0.001	0	#N/A
	Marshall County	0.486	0.26	0.132	0.077	0.033	0.004	0.003	0.003	0	0.001	0	0.001	#N/A
	Maury County	0.397	0.3	0.174	0.081	0.035	0.007	0.001	0.002	0	0.001	0.001	0	#N/A
	Mcminn County	0.421	0.234	0.181	0.087	0.045	0.016	0.004	0.002	0.002	0.001	0.001	0.001	#N/A
	Mcnairy County	0.485	0.208	0.155	0.103	0.029	0.007	0.007	0.003	0.002	0.001	0	0	#N/A
	Meigs County	0.52	0.184	0.159	0.067	0.045	0.008	0.008	0.003	0.003	0.001	0.001	0.001	#N/A
	Monroe County	0.477	0.21	0.156	0.072	0.037	0.024	0.007	0.004	0.003	0.001	0.001	0.001	#N/A
	Montgomery County	0.377	0.245	0.209	0.077	0.055	0.019	0.003	0.004	0.002	0.002	0.001	0.001	#N/A
	Moore County	0.469	0.275	0.107	0.102	0.036	0.005	0.001	0.002	0	0	0	0.001	#N/A
	Morgan County	0.482	0.271	0.134	0.069	0.025	0.01	0.001	0.002	0.002	0	0	0	#N/A
	Obion County	0.425	0.32	0.135	0.076	0.029	0.006	0.002	0.002	0.001	0.001	0.002	0	#N/A
	Overton County	0.471	0.277	0.136	0.067	0.026	0.007	0.003	0.003	0.002	0.001	0.001	0.001	#N/A
	Perry County	0.551	0.22	0.132	0.052	0.03	0.007	0.001	0.003	0.001	0.002	0	0	#N/A
	Pickett County	0.5	0.233	0.12	0.076	0.04	0.02	0.003	0.001	0	0	0	0	#N/A
	Polk County	0.527	0.22	0.139	0.07	0.032	0.004	0.004	0	0	0.001	0.001	0	#N/A
	Putnam County	0.394	0.276	0.178	0.094	0.044	0.007	0.003	0.001	0.001	0	0	0	#N/A
	Rhea County	0.441	0.212	0.192	0.084	0.037	0.017	0.005	0.002	0.002	0.001	0.001	0	#N/A
	Roane County	0.424	0.239	0.19	0.077	0.048	0.012	0.003	0.001	0.002	0.001	0.001	0	#N/A
	Robertson County	0.413	0.305	0.158	0.083	0.028	0.007	0.001	0.001	0.001	0	0	0	#N/A
	Rutherford County	0.359	0.298	0.2	0.083	0.041	0.01	0.002	0.003	0.001	0.001	0	0	#N/A
	Scott County	0.481	0.225	0.179	0.059	0.034	0.008	0.005	0.002	0	0.001	0.001	0	#N/A
	Sequatchie County	0.488	0.204	0.168	0.093	0.031	0.006	0.004	0.002	0.002	0	0	0	#N/A
	Sevier County	0.468	0.211	0.193	0.067	0.039	0.011	0.003	0.002	0.001	0.001	0.001	0	#N/A
	Shelby County	0.299	0.285	0.264	0.059	0.075	0.009	0.002	0.002	0.001	0.001	0.001	0	#N/A
	Smith County	0.48	0.293	0.107	0.079	0.022	0.008	0.004	0.002	0.001	0	0.001	0	#N/A
	Stewart County	0.496	0.23	0.157	0.068	0.033	0.008	0.002	0.002	0.002	0	0.001	0.001	#N/A
	Sullivan County	0.385	0.268	0.199	0.076	0.051	0.011	0.002	0.002	0.001	0.001	0.001	0	#N/A
	Sumner County	0.369	0.288	0.196	0.087	0.045	0.008	0.002	0.002	0.001	0	0	0	#N/A
	Tipton County	0.43	0.32	0.147	0.063	0.027	0.005	0.003	0.001	0.002	0	0	0	#N/A
	Trousdale County	0.49	0.304	0.098	0.068	0.025	0.004	0.002	0.001	0.002	0.001	0	0.002	#N/A
	Unicoi County	0.505	0.188	0.171	0.066	0.036	0.014	0.006	0.002	0.001	0.002	0.001	0	#N/A
	Union County	0.54	0.22	0.139	0.061	0.023	0.004	0.005	0.003	0.002	0	0.001	0	#N/A
	Van Buren County	0.55	0.251	0.1	0.077	0.015	0.004	0	0	0	0	0	0	#N/A
	Warren County	0.471	0.245	0.164	0.073	0.029	0.009	0.002	0.001	0.002	0.001	0	0	#N/A
	Washington County	0.364	0.249	0.232	0.079	0.055	0.01	0.003	0.002	0.001	0.001	0.001	0	#N/A
	Wayne County	0.528	0.242	0.119	0.072	0.023	0.01	0.003	0.001	0.001	0	0	0	#N/A
	Weakley County	0.412	0.283	0.162	0.089	0.033	0.009	0.004	0.002	0.002	0	0	0	#N/A
	White County	0.511	0.254	0.121	0.075	0.023	0.006	0.003	0.002	0.001	0	0.001	0	#N/A
	Williamson County	0.274	0.253	0.314	0.066	0.079	0.009	0.001	0.002	0.001	0.001	0	0	#N/A
	Wilson County	0.388	0.291	0.184	0.075	0.046	0.008	0.002	0.002	0.001	0	0.001	0	#N/A
Texas	Anderson County	0.286	0.534	0.095	0.044	0.017	0.008	0.002	0.001	0	0.001	0	0	0.01
	Andrews County	0.247	0.465	0.139	0.069	0.013	0.023	0.007	0.006	0.001	0	0	0	0.029
	Angelina County	0.269	0.507	0.119	0.044	0.026	0.01	0.003	0.002	0.012	0	0	0	0.008
	Aransas County	0.393	0.311	0.148	0.031	0.051	0.022	0.002	0.006	0.001	0.001	0	0	0.031
	Archer County	0.286	0.492	0.108	0.061	0.018	0.012	0.004	0.004	0.001	0.001	0.001	0	0.012
	Armstrong County	0.254	0.49	0.075	0.077	0.019	0.014	0.003	0.005	0.005	0	0	0.031	0.026
	Atascosa County	0.297	0.52	0.118	0.032	0.016	0.008	0	0.001	0.001	0	0	0.001	0.005
	Austin County	0.287	0.525	0.106	0.032	0.026	0.01	0.001	0.002	0	0.001	0	0	0.008
	Bailey County	0.245	0.519	0.129	0.066	0.02	0.009	0.002	0	0	0.002	0.001	0	0.007
	Bandera County	0.347	0.432	0.118	0.041	0.029	0.009	0.003	0.003	0.001	0.002	0	0.001	0.014
	Bastrop County	0.334	0.391	0.144	0.053	0.039	0.011	0.003	0.005	0.001	0.001	0.001	0	0.016
	Baylor County	0.307	0.429	0.116	0.072	0.022	0.018	0.005	0.007	0	0	0.001	0	0.023
	Bee County	0.259	0.5	0.141	0.033	0.021	0.02	0.003	0.003	0.001	0	0	0.001	0.017
	Bell County	0.258	0.445	0.154	0.053	0.039	0.019	0.003	0.004	0.002	0.002	0	0	0.021
	Bexar County	0.247	0.408	0.232	0.036	0.047	0.018	0.001	0.003	0.001	0.001	0	0	0.004
	Blanco County	0.295	0.458	0.137	0.037	0.033	0.012	0.003	0.004	0.001	0.001	0	0.001	0.018
	Borden County	0.294	0.529	0.097	0.045	0.01	0.006	0.01	0	0	0	0	0	0.01
	Bosque County	0.302	0.507	0.092	0.042	0.025	0.012	0.004	0.002	0.002	0.001	0.001	0	0.01
	Bowie County	0.307	0.43	0.127	0.057	0.029	0.01	0.013	0.002	0.001	0.001	0.001	0	0.021
	Brazoria County	0.255	0.51	0.142	0.034	0.029	0.009	0.002	0.005	0.001	0.001	0.001	0.001	0.009
	Brazos County	0.181	0.472	0.187	0.057	0.067	0.016	0.002	0.004	0.001	0.002	0	0.001	0.008
	Brewster County	0.301	0.386	0.17	0.052	0.027	0.015	0.002	0.01	0.002	0.002	0.001	0.001	0.014
	Briscoe County	0.242	0.537	0.077	0.04	0.044	0.009	0.024	0.004	0	0	0	0.002	0.018
	Brooks County	0.31	0.534	0.052	0.069	0.034	0	0	0	0	0	0	0	0
	Brown County	0.281	0.48	0.106	0.056	0.024	0.014	0.007	0.004	0.002	0.001	0.001	0.001	0.025
	Burleson County	0.298	0.517	0.078	0.04	0.022	0.01	0.003	0.002	0.001	0	0	0.001	0.027
	Burnet County	0.31	0.397	0.155	0.051	0.041	0.014	0.002	0.004	0.002	0.002	0	0	0.02
	Caldwell County	0.291	0.431	0.158	0.047	0.027	0.019	0.003	0.007	0.003	0.001	0	0	0.013
	Calhoun County	0.33	0.445	0.126	0.035	0.022	0.013	0.002	0.002	0.001	0.001	0.001	0.001	0.02
	Callahan County	0.304	0.497	0.085	0.042	0.023	0.016	0.005	0.001	0.001	0.001	0.001	0	0.023
	Cameron County	0.339	0.352	0.208	0.038	0.028	0.019	0.002	0.002	0.001	0.002	0	0.001	0.007
	Camp County	0.324	0.436	0.133	0.054	0.023	0.013	0.004	0.002	0.002	0.001	0	0	0.009
	Carson County	0.24	0.554	0.082	0.08	0.016	0.012	0.005	0.001	0.001	0.001	0.001	0.001	0.008
	Cass County	0.296	0.508	0.093	0.049	0.025	0.008	0.004	0.003	0.001	0.001	0.001	0	0.01
	Castro County	0.262	0.481	0.109	0.08	0.022	0.019	0.002	0	0.002	0.004	0	0	0.019
	Chambers County	0.288	0.534	0.087	0.032	0.026	0.006	0.002	0.002	0.001	0.007	0	0	0.015
	Cherokee County	0.275	0.534	0.09	0.048	0.024	0.011	0.002	0.002	0.001	0.001	0	0	0.013
	Childress County	0.29	0.451	0.124	0.06	0.017	0.007	0.004	0.003	0	0	0	0.035	0.009
	Clay County	0.289	0.488	0.103	0.06	0.025	0.01	0.002	0.002	0.002	0.001	0.001	0	0.017
	Cochran County	0.204	0.471	0.163	0.052	0.02	0.04	0.011	0.004	0.001	0.001	0.001	0.001	0.025
	Coke County	0.294	0.474	0.1	0.059	0.027	0.018	0.004	0	0	0.002	0.004	0.002	0.015
	Coleman County	0.296	0.505	0.091	0.055	0.015	0.013	0.005	0.002	0	0.001	0	0.001	0.013
	Collin County	0.256	0.396	0.233	0.035	0.059	0.009	0.001	0.002	0.001	0.001	0.001	0	0.006
	Collingsworth County	0.269	0.467	0.116	0.107	0.016	0.014	0.002	0.002	0.004	0	0	0	0.004
	Colorado County	0.287	0.52	0.125	0.027	0.026	0.006	0.001	0.002	0.001	0	0.001	0	0.006
	Comal County	0.262	0.452	0.177	0.041	0.036	0.012	0.002	0.002	0.001	0.001	0	0	0.013
	Comanche County	0.312	0.477	0.11	0.048	0.014	0.012	0.004	0.003	0.004	0.001	0	0.001	0.012
	Concho County	0.322	0.408	0.109	0.07	0.031	0.013	0.006	0.001	0.003	0.003	0.003	0	0.032
	Cooke County	0.308	0.474	0.113	0.045	0.029	0.012	0.002	0.003	0.001	0.001	0	0	0.013
	Coryell County	0.311	0.43	0.114	0.053	0.029	0.02	0.003	0.004	0.002	0.001	0.001	0.001	0.031
	Cottle County	0.27	0.56	0.047	0.053	0.013	0	0.007	0.003	0	0.003	0.003	0.037	0.003
	Crane County	0.241	0.453	0.164	0.049	0.011	0.045	0.003	0.006	0.002	0.001	0.001	0.001	0.023
	Crockett County	0.269	0.473	0.156	0.086	0	0.016	0	0	0	0	0	0	0
	Crosby County	0.259	0.497	0.121	0.072	0.031	0.006	0	0.001	0	0	0	0	0.013
	Culberson County	0.375	0.45	0.113	0.025	0.013	0	0	0.013	0	0	0	0	0.013
	Dallam County	0.304	0.467	0.106	0.067	0.016	0.013	0.007	0.002	0.001	0.001	0.002	0	0.012
	Dallas County	0.248	0.35	0.264	0.034	0.079	0.012	0.001	0.002	0.001	0.001	0	0.001	0.006
	Dawson County	0.239	0.437	0.176	0.055	0.022	0.024	0.006	0.002	0.001	0.002	0.002	0	0.033
	Deaf Smith County	0.219	0.513	0.155	0.051	0.039	0.01	0.005	0.002	0.004	0.001	0.001	0	0
	Delta County	0.359	0.441	0.106	0.047	0.019	0.012	0.002	0.001	0.001	0	0	0	0.012
	Denton County	0.254	0.411	0.219	0.042	0.05	0.011	0.001	0.003	0.001	0.001	0	0	0.007
	Dewitt County	0.312	0.492	0.102	0.03	0.022	0.015	0.001	0.003	0.002	0.001	0.001	0.001	0.019
	Dickens County	0.283	0.457	0.092	0.084	0.009	0.027	0.007	0.002	0	0.003	0	0.002	0.034
	Dimmit County	0.3	0.55	0.11	0.01	0.03	0	0	0	0	0	0	0	0
	Donley County	0.308	0.445	0.091	0.089	0.042	0.009	0.005	0.006	0	0	0.001	0	0.004
	Duval County	0.373	0.452	0.095	0.048	0.016	0.008	0	0	0	0	0	0	0.008
	Eastland County	0.271	0.575	0.088	0.034	0.013	0.008	0.005	0.001	0.001	0.001	0.001	0.001	0
	Ector County	0.281	0.457	0.144	0.053	0.018	0.019	0.005	0.003	0.002	0.001	0.001	0.001	0.016
	Edwards County	0.37	0.397	0.141	0.039	0.016	0.007	0.002	0.002	0.005	0	0.002	0.004	0.016
	El Paso County	0.253	0.38	0.257	0.044	0.037	0.013	0.001	0.003	0.001	0.002	0.001	0.001	0.006
	Ellis County	0.269	0.488	0.148	0.049	0.021	0.009	0.001	0.002	0.001	0.001	0.001	0	0.009
	Erath County	0.289	0.468	0.131	0.052	0.021	0.01	0.005	0.003	0.001	0.001	0	0	0.016
	Falls County	0.355	0.456	0.076	0.032	0.029	0.018	0.002	0.003	0.002	0.001	0	0	0.025
	Fannin County	0.317	0.489	0.096	0.044	0.022	0.008	0.002	0.002	0.001	0	0.003	0	0.016
	Fayette County	0.327	0.456	0.133	0.031	0.026	0.009	0.002	0.003	0	0.001	0	0	0.012
	Fisher County	0.246	0.538	0.107	0.058	0.021	0.011	0.009	0	0	0	0.002	0	0.009
	Floyd County	0.176	0.527	0.141	0.072	0.025	0.019	0.009	0.002	0.001	0.001	0.001	0.001	0.026
	Foard County	0.355	0.581	0	0.032	0	0	0	0	0	0	0	0	0.032
	Fort Bend County	0.247	0.458	0.195	0.03	0.048	0.01	0.001	0.002	0.001	0.001	0	0	0.006
	Franklin County	0.278	0.458	0.14	0.048	0.033	0.013	0.004	0.001	0.002	0.001	0	0.002	0.02
	Freestone County	0.319	0.457	0.09	0.062	0.018	0.018	0.003	0.002	0.001	0.002	0.001	0.001	0.027
	Frio County	0.303	0.535	0.084	0.051	0.011	0.005	0	0	0.005	0	0	0.003	0.003
	Gaines County	0.25	0.522	0.115	0.068	0.012	0.008	0.004	0.002	0.003	0	0	0	0.014
	Galveston County	0.304	0.444	0.153	0.031	0.037	0.012	0.001	0.003	0.001	0.001	0	0	0.011
	Garza County	0.219	0.562	0.087	0.064	0.021	0.017	0.008	0	0.003	0.001	0	0.003	0.016
	Gillespie County	0.266	0.42	0.185	0.042	0.047	0.013	0.003	0.004	0.002	0.001	0	0	0.016
	Glasscock County	0.206	0.502	0.164	0.075	0.027	0.002	0.01	0.002	0	0.002	0.002	0	0.005
	Goliad County	0.329	0.482	0.114	0.026	0.021	0.01	0	0.003	0.003	0.001	0.001	0	0.011
	Gonzales County	0.293	0.505	0.106	0.028	0.023	0.017	0.001	0.004	0.001	0	0.001	0	0.021
	Gray County	0.294	0.488	0.082	0.07	0.017	0.012	0.006	0.002	0.002	0	0.001	0.001	0.024
	Grayson County	0.294	0.414	0.135	0.052	0.035	0.013	0.005	0.003	0.002	0.001	0.001	0.001	0.016
	Gregg County	0.257	0.457	0.152	0.049	0.04	0.018	0.004	0.003	0.001	0.001	0	0	0.016
	Grimes County	0.317	0.498	0.098	0.035	0.019	0.012	0.002	0.002	0.001	0	0	0	0.015
	Guadalupe County	0.283	0.448	0.172	0.041	0.029	0.01	0.001	0.003	0.002	0.001	0	0	0.009
	Hale County	0.209	0.5	0.159	0.072	0.022	0.016	0.002	0	0.001	0.001	0	0	0.015
	Hall County	0.301	0.52	0.064	0.052	0.012	0.012	0.002	0.004	0	0	0.027	0	0.008
	Hamilton County	0.321	0.489	0.092	0.043	0.022	0.012	0.001	0.001	0.001	0.003	0	0.001	0.012
	Hansford County	0.244	0.524	0.116	0.053	0.022	0.017	0.006	0.002	0	0.002	0.001	0.001	0.012
	Hardeman County	0.327	0.425	0.1	0.06	0.022	0.029	0.007	0.006	0.003	0.001	0	0	0.02
	Hardin County	0.322	0.51	0.084	0.032	0.019	0.01	0.002	0.002	0.001	0.001	0	0	0.016
	Harris County	0.245	0.453	0.194	0.028	0.054	0.012	0.001	0.002	0.001	0.001	0	0	0.009
	Harrison County	0.299	0.481	0.115	0.042	0.029	0.013	0.006	0.002	0.001	0	0	0	0.011
	Hartley County	0.226	0.529	0.134	0.05	0.038	0.009	0	0.001	0.004	0.001	0	0	0.008
	Haskell County	0.259	0.506	0.101	0.099	0.021	0.006	0.004	0.001	0	0	0	0	0.002
	Hays County	0.246	0.408	0.214	0.047	0.048	0.013	0.002	0.008	0.001	0.002	0.001	0	0.009
	Hemphill County	0.279	0.421	0.146	0.058	0.038	0.018	0.002	0.002	0.002	0.001	0.001	0.002	0.03
	Henderson County	0.306	0.462	0.118	0.045	0.027	0.018	0.003	0.002	0.002	0.001	0.001	0	0.015
	Hidalgo County	0.296	0.381	0.223	0.041	0.022	0.018	0.001	0.004	0.001	0.002	0.001	0.001	0.009
	Hill County	0.325	0.449	0.104	0.046	0.023	0.022	0.002	0.002	0.006	0.001	0.001	0	0.019
	Hockley County	0.247	0.504	0.128	0.064	0.019	0.014	0.004	0.002	0	0.001	0	0	0.016
	Hood County	0.317	0.419	0.147	0.05	0.033	0.013	0.002	0.003	0.001	0.001	0.001	0	0.013
	Hopkins County	0.298	0.462	0.122	0.055	0.022	0.013	0.006	0.001	0	0.001	0.001	0	0.017
	Houston County	0.337	0.489	0.087	0.041	0.019	0.01	0.002	0.002	0.001	0.001	0.001	0	0.01
	Howard County	0.285	0.48	0.126	0.055	0.017	0.017	0.004	0.002	0.002	0	0.001	0	0.012
	Hudspeth County	0.39	0.364	0.133	0.056	0	0	0.01	0	0.046	0	0	0	0
	Hunt County	0.291	0.501	0.114	0.042	0.024	0.01	0.002	0.002	0.001	0	0	0	0.012
	Hutchinson County	0.277	0.474	0.098	0.054	0.018	0.016	0.006	0.005	0.002	0.001	0.002	0.023	0.024
	Irion County	0.22	0.552	0.14	0.061	0.017	0.005	0	0	0	0	0	0.002	0.002
	Jack County	0.338	0.495	0.092	0.031	0.009	0.008	0.001	0.002	0.001	0.001	0.002	0.001	0.019
	Jackson County	0.289	0.519	0.114	0.029	0.017	0.009	0.001	0.004	0	0	0	0	0.016
	Jasper County	0.346	0.508	0.072	0.036	0.016	0.008	0.002	0.001	0	0	0	0	0.01
	Jeff Davis County	0.278	0.444	0.143	0.069	0.023	0.015	0	0.002	0	0	0.004	0	0.021
	Jefferson County	0.314	0.481	0.123	0.036	0.026	0.008	0.001	0.002	0.001	0.001	0.001	0	0.006
	Jim Hogg County	0.357	0.476	0.143	0.024	0	0	0	0	0	0	0	0	0
	Jim Wells County	0.349	0.411	0.14	0.041	0.021	0.017	0.001	0.004	0.002	0	0	0	0.014
	Johnson County	0.288	0.478	0.123	0.06	0.019	0.01	0.002	0.002	0.001	0.001	0.001	0	0.016
	Jones County	0.285	0.485	0.093	0.049	0.027	0.017	0.005	0.002	0.005	0	0	0.012	0.016
	Karnes County	0.287	0.534	0.111	0.034	0.013	0.007	0.001	0	0.002	0.002	0	0	0.009
	Kaufman County	0.314	0.457	0.123	0.044	0.022	0.014	0.003	0.002	0.002	0.001	0.001	0	0.017
	Kendall County	0.247	0.431	0.181	0.047	0.04	0.014	0.001	0.005	0.001	0.002	0	0.018	0.012
	Kenedy County	0.105	0.421	0.263	0.105	0.053	0	0	0	0	0	0	0	0.053
	Kent County	0.323	0.518	0.071	0.08	0.009	0	0	0	0	0	0	0	0
	Kerr County	0.288	0.392	0.187	0.05	0.046	0.011	0.002	0.002	0.002	0.002	0	0	0.017
	Kimble County	0.358	0.408	0.139	0.058	0.021	0.005	0.002	0.002	0.001	0.001	0	0	0.004
	King County	0.339	0.374	0.043	0.148	0.043	0	0.017	0	0	0	0	0	0.035
	Kinney County	0.371	0.396	0.141	0.053	0.01	0.012	0	0.002	0.002	0.002	0.004	0	0.008
	Kleberg County	0.272	0.445	0.183	0.034	0.035	0.015	0.003	0.003	0.002	0	0	0.001	0.006
	Knox County	0.278	0.487	0.11	0.063	0.025	0.014	0.004	0.001	0.001	0.001	0	0	0.014
	La Salle County	0.382	0.419	0.156	0.027	0.003	0.003	0	0	0	0	0	0	0.01
	Lamar County	0.326	0.406	0.131	0.054	0.028	0.016	0.004	0.003	0.002	0.001	0.001	0.001	0.03
	Lamb County	0.242	0.443	0.146	0.097	0.016	0.023	0.001	0.006	0.002	0.001	0.002	0.001	0.018
	Lampasas County	0.323	0.442	0.12	0.051	0.033	0.015	0.002	0.003	0	0.001	0	0	0.011
	Lavaca County	0.293	0.53	0.089	0.024	0.02	0.004	0.001	0.003	0	0	0	0.026	0.007
	Lee County	0.35	0.447	0.104	0.041	0.025	0.01	0.002	0.002	0.002	0.001	0.001	0	0.015
	Leon County	0.328	0.501	0.072	0.039	0.016	0.003	0.003	0.001	0.001	0.001	0	0	0.008
	Liberty County	0.349	0.49	0.068	0.035	0.013	0.013	0.004	0.004	0.002	0.001	0.001	0	0.021
	Limestone County	0.347	0.447	0.095	0.058	0.019	0.013	0.002	0.002	0.001	0	0.001	0	0.013
	Lipscomb County	0.277	0.498	0.094	0.065	0.018	0.016	0.005	0.003	0	0.001	0.001	0	0.022
	Live Oak County	0.316	0.503	0.101	0.03	0.02	0.009	0.001	0.001	0.001	0.001	0	0	0.015
	Llano County	0.338	0.366	0.176	0.037	0.042	0.019	0.002	0.003	0.002	0.001	0.001	0.001	0.012
	Loving County	0.233	0.467	0.233	0.033	0	0.033	0	0	0	0	0	0	0
	Lubbock County	0.223	0.451	0.179	0.065	0.035	0.02	0.003	0.003	0.002	0.002	0.002	0	0.015
	Lynn County	0.213	0.491	0.132	0.067	0.02	0.015	0.003	0.001	0.001	0.003	0	0.003	0.051
	Madison County	0.316	0.493	0.091	0.045	0.018	0.014	0.003	0.002	0	0	0	0	0.017
	Marion County	0.406	0.418	0.086	0.051	0.017	0.009	0.004	0.001	0.001	0.001	0.001	0.001	0.007
	Martin County	0.218	0.551	0.141	0.055	0.012	0.01	0.002	0.001	0.001	0.001	0	0	0.007
	Mason County	0.249	0.527	0.118	0.042	0.033	0.007	0.003	0.005	0.002	0	0	0	0.013
	Matagorda County	0.338	0.485	0.118	0.029	0.019	0.005	0.001	0.002	0	0	0.001	0	0.003
	Maverick County	0.326	0.39	0.2	0.041	0.007	0.014	0	0	0	0	0.005	0	0.016
	Mcculloch County	0.318	0.436	0.124	0.045	0.024	0.015	0.005	0.004	0.001	0.001	0.001	0	0.025
	Mclennan County	0.247	0.46	0.152	0.054	0.051	0.017	0.003	0.002	0.002	0.001	0	0	0.011
	Mcmullen County	0.385	0.422	0.108	0.025	0.017	0.012	0	0	0	0	0.002	0.002	0.027
	Medina County	0.288	0.475	0.131	0.045	0.02	0.015	0.002	0.003	0.001	0.001	0.001	0	0.017
	Menard County	0.352	0.377	0.117	0.042	0.033	0.03	0.002	0.003	0	0	0.002	0.002	0.042
	Midland County	0.209	0.479	0.157	0.058	0.027	0.012	0.002	0.002	0.001	0.001	0	0	0.011
	Milam County	0.33	0.454	0.101	0.043	0.025	0.02	0.002	0.004	0.001	0.001	0.001	0	0.017
	Mills County	0.315	0.449	0.098	0.057	0.028	0.013	0.009	0.003	0.002	0	0.001	0.001	0.025
	Mitchell County	0.281	0.51	0.101	0.044	0.026	0.01	0.002	0.002	0.002	0	0	0.002	0.021
	Montague County	0.328	0.441	0.094	0.044	0.018	0.013	0.005	0.003	0.001	0	0.001	0.001	0.017
	Montgomery County	0.266	0.483	0.148	0.037	0.039	0.01	0.001	0.002	0.001	0.001	0	0	0.01
	Moore County	0.236	0.51	0.106	0.056	0.016	0.011	0.003	0.003	0.001	0.001	0.001	0.045	0.012
	Morris County	0.33	0.451	0.118	0.065	0.017	0.004	0.007	0.003	0.001	0.001	0	0	0.003
	Motley County	0.301	0.525	0.092	0.018	0.02	0.011	0	0	0.002	0	0	0	0.031
	Nacogdoches County	0.231	0.523	0.13	0.048	0.032	0.014	0.002	0.002	0.001	0	0	0.001	0.016
	Navarro County	0.302	0.423	0.127	0.045	0.026	0.017	0.003	0.003	0.002	0.001	0.001	0	0.013
	Newton County	0.387	0.483	0.06	0.038	0.011	0.006	0.002	0.003	0.002	0.001	0	0.001	0.007
	Nolan County	0.27	0.444	0.135	0.054	0.032	0.02	0.005	0.004	0.001	0.001	0	0.001	0.033
	Nueces County	0.302	0.394	0.181	0.037	0.054	0.014	0.001	0.004	0.001	0.001	0.001	0	0.01
	Ochiltree County	0.239	0.517	0.133	0.058	0.021	0.008	0.005	0.002	0.003	0.001	0.001	0.001	0.013
	Oldham County	0.206	0.549	0.102	0.08	0.028	0.012	0.002	0	0.002	0	0	0.002	0.017
	Orange County	0.334	0.486	0.091	0.029	0.021	0.012	0.003	0.003	0.001	0.001	0	0	0.017
	Palo Pinto County	0.313	0.455	0.109	0.049	0.022	0.018	0.005	0.001	0.001	0	0.002	0.001	0.024
	Panola County	0.31	0.517	0.082	0.043	0.019	0.009	0.006	0.001	0.001	0	0.001	0	0.011
	Parker County	0.297	0.481	0.131	0.047	0.022	0.008	0.002	0.002	0.001	0.001	0	0	0.008
	Parmer County	0.178	0.595	0.118	0.073	0.02	0.003	0.004	0.002	0	0.001	0	0.002	0.004
	Pecos County	0.3	0.46	0.134	0.056	0.01	0.02	0.005	0.004	0	0	0	0.001	0.01
	Polk County	0.357	0.424	0.109	0.047	0.024	0.016	0.002	0.003	0.001	0.002	0.001	0	0.012
	Potter County	0.243	0.476	0.132	0.061	0.031	0.011	0.028	0.003	0.001	0.001	0.001	0.001	0.01
	Presidio County	0.33	0.392	0.186	0.082	0.01	0	0	0	0	0	0	0	0
	Rains County	0.327	0.497	0.11	0.028	0.019	0.008	0.002	0.001	0.001	0	0	0.001	0.006
	Randall County	0.219	0.512	0.15	0.066	0.032	0.008	0.002	0.002	0.001	0.001	0.001	0	0.007
	Reagan County	0.237	0.444	0.132	0.043	0.019	0.052	0.001	0.001	0.002	0	0.001	0.002	0.064
	Real County	0.338	0.393	0.128	0.047	0.022	0.019	0.002	0.001	0.001	0.001	0.001	0.001	0.045
	Red River County	0.387	0.434	0.086	0.049	0.014	0.008	0.007	0.001	0	0.001	0	0	0.012
	Reeves County	0.288	0.408	0.128	0.128	0.024	0.008	0.008	0.008	0	0	0	0	0
	Refugio County	0.34	0.452	0.117	0.035	0.015	0.019	0.005	0.002	0.001	0.002	0.001	0	0.01
	Roberts County	0.295	0.503	0.085	0.036	0.026	0.028	0.005	0	0.005	0	0	0	0.018
	Robertson County	0.284	0.534	0.087	0.051	0.026	0.007	0.002	0.001	0	0.002	0	0	0.006
	Rockwall County	0.276	0.418	0.187	0.039	0.045	0.011	0.003	0.003	0.002	0.002	0.001	0.001	0.011
	Runnels County	0.301	0.472	0.101	0.06	0.024	0.011	0.003	0.001	0	0.001	0	0	0.022
	Rusk County	0.264	0.505	0.089	0.047	0.023	0.015	0.004	0.003	0.001	0.001	0.036	0.001	0.011
	Sabine County	0.426	0.402	0.08	0.034	0.019	0.011	0.005	0.002	0.001	0	0	0.001	0.018
	San Augustine County	0.396	0.451	0.068	0.028	0.015	0.017	0.003	0.002	0.002	0	0	0	0.016
	San Jacinto County	0.333	0.49	0.079	0.034	0.018	0.01	0.003	0.003	0.003	0.001	0.017	0	0.01
	San Patricio County	0.319	0.433	0.146	0.033	0.037	0.014	0.002	0.002	0.001	0.001	0.001	0	0.012
	San Saba County	0.299	0.492	0.097	0.049	0.024	0.014	0.006	0.003	0.007	0.001	0	0	0.009
	Schleicher County	0.233	0.518	0.125	0.072	0.023	0.01	0.006	0.002	0.002	0.002	0.002	0	0.006
	Scurry County	0.275	0.448	0.137	0.056	0.026	0.019	0.005	0.002	0.003	0	0.001	0	0.01
	Shackelford County	0.314	0.484	0.084	0.046	0.022	0.015	0.003	0.002	0	0.002	0.001	0.001	0.027
	Shelby County	0.321	0.514	0.075	0.04	0.02	0.009	0.005	0.003	0	0.001	0.001	0	0.012
	Sherman County	0.243	0.56	0.114	0.045	0.016	0.004	0.004	0.014	0	0	0	0	0
	Smith County	0.206	0.547	0.143	0.049	0.033	0.008	0.001	0.002	0.001	0.001	0.001	0	0.008
	Somervell County	0.281	0.484	0.126	0.037	0.021	0.017	0.002	0.003	0.002	0.001	0.001	0	0.024
	Starr County	0.228	0.48	0.205	0.039	0.016	0.024	0	0	0.008	0	0	0	0
	Stephens County	0.363	0.41	0.088	0.051	0.021	0.024	0.006	0.002	0.002	0.002	0.001	0	0.03
	Sterling County	0.284	0.414	0.162	0.084	0.015	0.02	0	0.003	0.005	0	0	0	0.013
	Stonewall County	0.316	0.513	0.098	0.029	0.022	0.015	0.004	0	0	0.004	0	0	0
	Sutton County	0.256	0.388	0.163	0.051	0.037	0.031	0.044	0	0.003	0.003	0	0.003	0.018
	Swisher County	0.253	0.486	0.107	0.093	0.023	0.013	0.004	0	0.002	0	0.001	0.001	0.016
	Tarrant County	0.262	0.416	0.204	0.047	0.045	0.011	0.002	0.003	0.001	0.001	0	0	0.007
	Taylor County	0.229	0.457	0.171	0.061	0.04	0.015	0.003	0.002	0.002	0.001	0.002	0	0.015
	Terrell County	0.419	0.359	0.111	0.06	0.009	0.017	0.009	0.017	0	0	0	0	0
	Terry County	0.258	0.484	0.133	0.065	0.02	0.017	0.004	0.001	0.002	0	0	0.001	0.015
	Throckmorton County	0.307	0.448	0.121	0.076	0.031	0.012	0.002	0	0	0	0	0	0.002
	Titus County	0.313	0.442	0.123	0.064	0.027	0.011	0.004	0.001	0.001	0	0.001	0	0.012
	Tom Green County	0.251	0.433	0.172	0.067	0.04	0.015	0.003	0.002	0.001	0.001	0	0.001	0.013
	Travis County	0.253	0.304	0.293	0.031	0.085	0.013	0.001	0.007	0.001	0.002	0	0	0.008
	Trinity County	0.396	0.408	0.092	0.034	0.019	0.019	0.005	0.003	0.001	0.001	0	0	0.02
	Tyler County	0.359	0.475	0.081	0.034	0.021	0.011	0.003	0.003	0.001	0	0	0	0.012
	Upshur County	0.287	0.516	0.086	0.049	0.019	0.011	0.003	0.003	0.001	0.001	0.004	0.001	0.018
	Upton County	0.262	0.444	0.165	0.063	0.015	0.023	0.003	0	0.002	0.002	0	0	0.018
	Uvalde County	0.301	0.46	0.136	0.06	0.019	0.008	0.002	0	0	0	0	0.001	0.008
	Val Verde County	0.312	0.359	0.213	0.052	0.029	0.018	0.001	0.004	0.001	0	0.002	0.001	0.006
	Van Zandt County	0.299	0.507	0.103	0.047	0.02	0.008	0.002	0.002	0.001	0	0	0	0.009
	Victoria County	0.28	0.47	0.145	0.037	0.029	0.015	0.002	0.004	0.002	0.002	0	0	0.014
	Walker County	0.288	0.455	0.14	0.05	0.03	0.015	0.003	0.004	0.001	0.001	0.001	0	0.011
	Waller County	0.278	0.563	0.09	0.032	0.016	0.007	0.001	0.002	0.001	0	0	0	0.009
	Ward County	0.265	0.514	0.115	0.055	0.018	0.012	0.003	0.003	0	0	0.001	0	0.013
	Washington County	0.232	0.524	0.14	0.048	0.029	0.012	0.001	0.002	0.001	0	0	0	0.01
	Webb County	0.349	0.282	0.284	0.026	0.015	0.021	0.003	0.003	0.001	0.002	0.001	0.001	0.006
	Wharton County	0.289	0.477	0.121	0.032	0.023	0.014	0.001	0.003	0.001	0.02	0	0	0.018
	Wheeler County	0.318	0.472	0.085	0.061	0.027	0.008	0.005	0.001	0.001	0.001	0.002	0	0.018
	Wichita County	0.266	0.445	0.169	0.059	0.032	0.013	0.002	0.002	0.001	0.001	0.001	0	0.01
	Wilbarger County	0.307	0.389	0.14	0.072	0.033	0.023	0.005	0.002	0.002	0.003	0	0.002	0.021
	Willacy County	0.359	0.362	0.199	0.024	0.018	0.006	0.003	0	0.024	0	0	0	0.006
	Williamson County	0.257	0.355	0.219	0.041	0.057	0.013	0.002	0.005	0.002	0.002	0.001	0.001	0.011
	Wilson County	0.285	0.511	0.12	0.037	0.019	0.008	0.001	0.002	0.002	0.001	0.001	0.001	0.011
	Winkler County	0.327	0.385	0.136	0.059	0.007	0.029	0.002	0.002	0.002	0.001	0.002	0.001	0.044
	Wise County	0.314	0.497	0.103	0.044	0.017	0.009	0.002	0.002	0.001	0	0	0.001	0.009
	Wood County	0.31	0.482	0.115	0.041	0.025	0.008	0.001	0.002	0.002	0.001	0	0	0.011
	Yoakum County	0.257	0.439	0.143	0.077	0.015	0.028	0.003	0.001	0.001	0	0	0.002	0.033
	Young County	0.298	0.463	0.123	0.05	0.029	0.013	0.003	0.002	0.001	0.001	0.001	0	0.017
	Zapata County	0.395	0.372	0.128	0.047	0	0.012	0.012	0.012	0	0	0	0	0.023
	Zavala County	0	0	0	0	0	0	0	0	0	0	0	0	0
Vermont	Addison County	0.29	0.124	0.198	0.043	0.301	0.02	#N/A	0.01	0.008	0.003	0.003	#N/A	#N/A
	Bennington County	0.41	0.118	0.181	0.037	0.212	0.017	#N/A	0.005	0.011	0.003	0.006	#N/A	#N/A
	Caledonia County	0.305	0.1	0.209	0.054	0.292	0.019	#N/A	0.009	0.006	0.005	0.002	#N/A	#N/A
	Chittenden County	0.265	0.106	0.211	0.035	0.352	0.016	#N/A	0.005	0.004	0.003	0.001	#N/A	#N/A
	Essex County	0.435	0.087	0.174	0.046	0.226	0.019	#N/A	0.008	0.002	0.002	0.001	#N/A	#N/A
	Franklin County	0.365	0.106	0.197	0.043	0.255	0.016	#N/A	0.007	0.006	0.002	0.003	#N/A	#N/A
	Grand Isle County	0.377	0.101	0.155	0.029	0.294	0.024	#N/A	0.009	0.005	0.004	0.002	#N/A	#N/A
	Lamoille County	0.284	0.074	0.212	0.045	0.353	0.014	#N/A	0.007	0.008	0.002	0.001	#N/A	#N/A
	Orange County	0.34	0.1	0.166	0.057	0.287	0.025	#N/A	0.008	0.008	0.003	0.005	#N/A	#N/A
	Orleans County	0.363	0.08	0.199	0.062	0.27	0.012	#N/A	0.006	0.006	0	0.002	#N/A	#N/A
	Rutland County	0.371	0.079	0.181	0.033	0.301	0.016	#N/A	0.006	0.005	0.003	0.004	#N/A	#N/A
	Washington County	0.293	0.087	0.202	0.035	0.349	0.018	#N/A	0.007	0.004	0.003	0.002	#N/A	#N/A
	Windham County	0.372	0.092	0.18	0.06	0.246	0.029	#N/A	0.008	0.008	0.003	0.003	#N/A	#N/A
	Windsor County	0.349	0.09	0.169	0.045	0.303	0.02	#N/A	0.007	0.006	0.007	0.002	#N/A	#N/A
Virginia	Accomack County	0.479	0.159	0.209	0.095	0.049	0.001	0.002	0.003	0.001	0.001	0	0	#N/A
	Albemarle County	0.246	0.171	0.371	0.045	0.155	0.003	0.001	0.003	0.001	0.001	0.001	0	#N/A
	Alexandria City	0.188	0.077	0.468	0.02	0.233	0.007	0.001	0.003	0.001	0.001	0	0.001	#N/A
	Alleghany County	0.469	0.154	0.24	0.083	0.043	0.003	0.003	0.003	0.001	0.001	0.001	0	#N/A
	Amelia County	0.481	0.214	0.208	0.065	0.026	0.002	0.001	0.001	0.001	0	0	0	#N/A
	Amherst County	0.397	0.269	0.196	0.095	0.034	0.002	0.002	0.002	0.002	0	0	0	#N/A
	Appomattox County	0.428	0.259	0.181	0.086	0.034	0.002	0.003	0.005	0	0	0	0	#N/A
	Arlington County	0.168	0.079	0.497	0.017	0.226	0.005	0	0.004	0.001	0.002	0	0.001	#N/A
	Augusta County	0.373	0.23	0.248	0.079	0.059	0.003	0.002	0.002	0.001	0	0.001	0.001	#N/A
	Bath County	0.495	0.1	0.246	0.085	0.059	0.002	0.003	0.007	0.002	0	0	0	#N/A
	Bedford County	0.35	0.296	0.212	0.084	0.052	0.002	0.001	0.002	0.001	0	0	0	#N/A
	Bland County	0.55	0.16	0.172	0.069	0.042	0.003	0.002	0.001	0.001	0	0	0	#N/A
	Botetourt County	0.356	0.264	0.247	0.072	0.052	0.002	0.002	0.002	0.001	0.001	0	0	#N/A
	Bristol City	0.442	0.242	0.205	0.068	0.038	0	0.003	0.001	0	0	0	0	#N/A
	Brunswick County	0.494	0.117	0.249	0.081	0.048	0.004	0	0.002	0.001	0.002	0.001	0.002	#N/A
	Buchanan County	0.697	0.117	0.138	0.024	0.021	0.002	0.001	0.001	0	0	0	0	#N/A
	Buckingham County	0.5	0.176	0.204	0.075	0.028	0.005	0.002	0.002	0.002	0	0.004	0.001	#N/A
	Buena Vista City	0.323	0.18	0.297	0.116	0.064	0.005	0.007	0.003	0.002	0.002	0	0.002	#N/A
	Campbell County	0.38	0.276	0.201	0.099	0.037	0.002	0.001	0.004	0	0	0	0	#N/A
	Caroline County	0.447	0.179	0.23	0.085	0.046	0.003	0.002	0.003	0.002	0	0.001	0	#N/A
	Carroll County	0.535	0.181	0.162	0.075	0.038	0.002	0.002	0.002	0.001	0	0.001	0	#N/A
	Charles City	0.378	0.28	0.217	0.073	0.042	0.001	0.001	0.003	0.003	0	0	0	#N/A
	Charlotte County	0.534	0.145	0.201	0.072	0.033	0.007	0.001	0.001	0.003	0.001	0.001	0.002	#N/A
	Charlottesville City	0.173	0.114	0.475	0.037	0.186	0.007	0.001	0.005	0	0	0	0	#N/A
	Chesapeake City	0.398	0.148	0.308	0.076	0.06	0.003	0.002	0.003	0.001	0.001	0	0	#N/A
	Chesterfield County	0.336	0.185	0.349	0.052	0.07	0.003	0.001	0.003	0.001	0.001	0	0	#N/A
	Clarke County	0.331	0.214	0.295	0.07	0.078	0.004	0.001	0.004	0.001	0.002	0.001	0	#N/A
	Colonial Heights City	0.487	0.148	0.26	0.056	0.033	0.003	0.004	0.004	0.001	0.001	0	0	#N/A
	Covington City	0.466	0.158	0.232	0.073	0.062	0.005	0.002	0.002	0	0	0	0	#N/A
	Craig County	0.471	0.284	0.16	0.053	0.021	0.002	0.002	0.005	0	0.001	0	0	#N/A
	Culpeper County	0.376	0.232	0.245	0.071	0.063	0.003	0.002	0.003	0.001	0.001	0.001	0	#N/A
	Cumberland County	0.466	0.195	0.23	0.063	0.019	0.019	0	0.002	0.001	0.001	0.001	0.001	#N/A
	Danville City	0.442	0.183	0.221	0.083	0.057	0.004	0.003	0.002	0.002	0	0.001	0.001	#N/A
	Dickenson County	0.605	0.145	0.155	0.065	0.022	0.003	0.004	0.001	0	0	0.001	0	#N/A
	Dinwiddie County	0.52	0.164	0.205	0.065	0.036	0.004	0.002	0.001	0.001	0	0	0	#N/A
	Emporia City	0.469	0.102	0.272	0.092	0.047	0.013	0	0	0.003	0.003	0	0	#N/A
	Essex County	0.382	0.122	0.35	0.078	0.054	0.003	0.003	0.002	0.001	0.003	0	0.001	#N/A
	Fairfax County	0.251	0.129	0.4	0.031	0.175	0.005	0.001	0.003	0.001	0.001	0.001	0.001	#N/A
	Fairfax City	0.25	0.159	0.369	0.032	0.171	0.004	0.002	0.004	0.001	0.005	0.001	0	#N/A
	Falls Church City	0.157	0.122	0.451	0.024	0.234	0.006	0	0.004	0.002	0.001	0	0	#N/A
	Fauquier County	0.361	0.195	0.275	0.066	0.09	0.004	0.001	0.004	0.001	0.002	0	0.001	#N/A
	Floyd County	0.42	0.256	0.198	0.076	0.04	0.003	0.002	0.002	0.001	0	0	0	#N/A
	Fluvanna County	0.352	0.215	0.284	0.064	0.076	0.002	0.002	0.002	0.001	0.001	0.001	0	#N/A
	Franklin County	0.446	0.233	0.188	0.072	0.053	0.002	0.002	0.001	0.001	0.001	0.001	0	#N/A
	Franklin City	0.379	0.134	0.341	0.061	0.066	0.004	0.003	0.009	0	0	0.001	0	#N/A
	Frederick County	0.367	0.23	0.259	0.073	0.06	0.003	0.001	0.002	0.001	0.001	0	0.001	#N/A
	Fredericksburg City	0.311	0.133	0.327	0.058	0.151	0.006	0.003	0.005	0.001	0.002	0.001	0	#N/A
	Galax City	0.501	0.127	0.183	0.114	0.064	0.002	0.003	0.002	0	0	0.002	0	#N/A
	Giles County	0.468	0.168	0.233	0.079	0.043	0.003	0.002	0.002	0.001	0	0	0	#N/A
	Gloucester County	0.441	0.131	0.281	0.08	0.055	0.002	0.003	0.002	0.001	0.001	0.001	0	#N/A
	Goochland County	0.336	0.182	0.351	0.05	0.073	0.002	0.001	0.002	0.001	0.001	0	0.001	#N/A
	Grayson County	0.518	0.182	0.178	0.08	0.033	0.001	0.004	0.001	0.001	0.002	0.001	0	#N/A
	Greene County	0.356	0.237	0.252	0.074	0.069	0.005	0.001	0.005	0.001	0	0.001	0	#N/A
	Greensville County	0.534	0.131	0.23	0.063	0.033	0.001	0	0	0.001	0	0	0.003	#N/A
	Halifax County	0.545	0.176	0.162	0.076	0.036	0.003	0.001	0.001	0.001	0	0	0	#N/A
	Hampton City	0.407	0.131	0.307	0.075	0.064	0.004	0.002	0.004	0.001	0.002	0.001	0.001	#N/A
	Hanover County	0.347	0.218	0.309	0.055	0.062	0.002	0.001	0.002	0.001	0.001	0	0	#N/A
	Harrisonburg City	0.25	0.178	0.395	0.068	0.094	0.005	0.001	0.005	0.003	0.001	0	0.001	#N/A
	Henrico County	0.289	0.199	0.369	0.042	0.089	0.003	0.001	0.003	0.001	0.001	0.002	0	#N/A
	Henry County	0.504	0.195	0.188	0.072	0.033	0.002	0.002	0.002	0.001	0	0	0.001	#N/A
	Highland County	0.418	0.222	0.23	0.059	0.064	0	0.003	0	0	0	0.005	0	#N/A
	Hopewell City	0.532	0.168	0.205	0.044	0.04	0.003	0.002	0.002	0.003	0.001	0	0	#N/A
	Isle of Wight County	0.416	0.14	0.308	0.066	0.061	0.004	0.002	0.002	0.001	0	0	0.001	#N/A
	James City	0.277	0.129	0.376	0.052	0.155	0.004	0.001	0.002	0.001	0.001	0	0.001	#N/A
	King and Queen County	0.492	0.164	0.224	0.066	0.044	0.002	0.002	0	0.002	0	0	0	#N/A
	King George County	0.367	0.195	0.264	0.095	0.067	0.003	0.002	0.003	0.002	0	0.001	0	#N/A
	King William County	0.418	0.239	0.239	0.059	0.033	0.003	0.002	0.005	0.002	0	0	0.001	#N/A
	Lancaster County	0.418	0.084	0.311	0.069	0.108	0.003	0	0.002	0.003	0	0	0	#N/A
	Lee County	0.534	0.194	0.168	0.061	0.033	0.002	0.003	0	0	0.002	0.001	0.001	#N/A
	Lexington City	0.199	0.091	0.442	0.055	0.199	0.013	0	0	0	0.002	0	0	#N/A
	Loudoun County	0.279	0.149	0.404	0.043	0.114	0.004	0.001	0.003	0.001	0.001	0.001	0	#N/A
	Louisa County	0.406	0.22	0.253	0.06	0.05	0.003	0.002	0.003	0.001	0.001	0.001	0	#N/A
	Lunenburg County	0.485	0.135	0.221	0.127	0.026	0.002	0.001	0.001	0	0.002	0	0	#N/A
	Lynchburg City	0.227	0.289	0.303	0.107	0.063	0.002	0.001	0.005	0.001	0.001	0	0	#N/A
	Madison County	0.416	0.212	0.193	0.103	0.065	0.004	0.004	0	0.001	0.001	0.001	0	#N/A
	Manassas City	0.356	0.196	0.306	0.059	0.072	0.004	0.001	0.003	0.001	0.001	0	0.001	#N/A
	Manassas Park City	0.383	0.191	0.28	0.079	0.062	0.002	0	0.002	0	0.001	0	0	#N/A
	Martinsville City	0.424	0.166	0.249	0.072	0.082	0.004	0	0	0	0.001	0	0	#N/A
	Mathews County	0.43	0.152	0.27	0.069	0.068	0.005	0	0.001	0.002	0.001	0	0.002	#N/A
	Mecklenburg County	0.5	0.142	0.222	0.072	0.052	0.004	0.002	0.003	0.002	0	0	0	#N/A
	Middlesex County	0.492	0.096	0.266	0.063	0.07	0.003	0.003	0.003	0.001	0.001	0	0.001	#N/A
	Montgomery County	0.323	0.168	0.32	0.085	0.089	0.004	0.003	0.005	0.001	0.001	0	0	#N/A
	Nelson County	0.411	0.231	0.228	0.065	0.056	0.002	0.002	0.003	0.001	0.001	0	0	#N/A
	New Kent County	0.398	0.199	0.262	0.078	0.057	0.002	0.001	0.001	0	0.001	0	0	#N/A
	Newport News City	0.369	0.135	0.335	0.074	0.073	0.004	0.001	0.004	0.001	0.001	0.002	0	#N/A
	Norfolk City	0.365	0.118	0.342	0.063	0.089	0.005	0.001	0.005	0.001	0.001	0.009	0.001	#N/A
	Northampton County	0.454	0.117	0.265	0.055	0.099	0.004	0.001	0.001	0.002	0	0	0	#N/A
	Northumberland County	0.44	0.101	0.286	0.07	0.094	0.002	0.002	0.002	0.001	0	0	0	#N/A
	Norton City	0.532	0.117	0.237	0.08	0.027	0	0	0.005	0.003	0	0	0	#N/A
	Nottoway County	0.483	0.164	0.217	0.1	0.023	0.004	0.001	0.004	0.001	0	0	0.001	#N/A
	Orange County	0.414	0.18	0.241	0.071	0.084	0.003	0.001	0.002	0.002	0.001	0.001	0	#N/A
	Page County	0.51	0.158	0.204	0.072	0.046	0.002	0.002	0.002	0	0.001	0.001	0.001	#N/A
	Patrick County	0.468	0.23	0.164	0.095	0.033	0.001	0.002	0.002	0.003	0.001	0	0	#N/A
	Petersburg City	0.404	0.167	0.264	0.072	0.059	0.008	0.001	0.008	0.006	0.001	0.001	0.003	#N/A
	Pittsylvania County	0.486	0.193	0.17	0.095	0.023	0.001	0.001	0.002	0	0.001	0	0	#N/A
	Poquoson City	0.415	0.116	0.327	0.058	0.072	0.004	0	0.003	0.001	0.001	0.001	0.001	#N/A
	Portsmouth City	0.456	0.119	0.281	0.077	0.053	0.004	0.002	0.004	0.001	0.001	0	0.001	#N/A
	Powhatan County	0.381	0.22	0.285	0.056	0.05	0.002	0.001	0.002	0.001	0.001	0	0	#N/A
	Prince Edward County	0.414	0.158	0.3	0.057	0.06	0.003	0	0.002	0.002	0	0.001	0	#N/A
	Prince George County	0.483	0.194	0.232	0.06	0.025	0.002	0	0.001	0.001	0	0	0	#N/A
	Prince William County	0.331	0.171	0.335	0.056	0.093	0.004	0.002	0.003	0.001	0.001	0.003	0	#N/A
	Pulaski County	0.507	0.152	0.21	0.081	0.041	0.003	0.002	0.002	0	0.001	0	0	#N/A
	Radford City	0.334	0.133	0.355	0.101	0.064	0.003	0.001	0.003	0.001	0.001	0.001	0.002	#N/A
	Rappahannock County	0.406	0.192	0.225	0.083	0.072	0.007	0.003	0.004	0.001	0.002	0.001	0.003	#N/A
	Richmond County	0.369	0.124	0.358	0.096	0.041	0.001	0.002	0.001	0.005	0.001	0	0	#N/A
	Richmond City	0.202	0.114	0.469	0.038	0.159	0.004	0.002	0.005	0.002	0.002	0.001	0.001	#N/A
	Roanoke County	0.346	0.225	0.286	0.067	0.066	0.002	0.002	0.003	0.001	0.001	0	0	#N/A
	Roanoke City	0.343	0.198	0.288	0.071	0.084	0.004	0.002	0.005	0.002	0.001	0	0.001	#N/A
	Rockbridge County	0.355	0.162	0.288	0.073	0.11	0.003	0.002	0.002	0.002	0.001	0.001	0.001	#N/A
	Rockingham County	0.363	0.218	0.263	0.081	0.063	0.003	0.002	0.002	0.001	0.001	0	0	#N/A
	Russell County	0.556	0.18	0.17	0.057	0.026	0.001	0.005	0.002	0.002	0	0	0	#N/A
	Salem City	0.35	0.208	0.3	0.072	0.059	0.004	0.002	0.003	0	0	0	0.001	#N/A
	Scott County	0.503	0.202	0.181	0.076	0.026	0.004	0.005	0.002	0	0	0	0	#N/A
	Shenandoah County	0.384	0.197	0.248	0.097	0.059	0.004	0.003	0.003	0.001	0.001	0.001	0	#N/A
	Smyth County	0.52	0.165	0.21	0.058	0.035	0.003	0.003	0.003	0.001	0	0	0	#N/A
	Southampton County	0.47	0.142	0.268	0.07	0.041	0.004	0.002	0	0.001	0.001	0	0	#N/A
	Spotsylvania County	0.375	0.196	0.271	0.069	0.08	0.003	0.002	0.003	0.001	0.001	0	0	#N/A
	Stafford County	0.36	0.172	0.309	0.066	0.082	0.004	0.001	0.002	0.001	0.001	0	0	#N/A
	Staunton City	0.313	0.19	0.322	0.078	0.085	0.004	0.003	0.002	0.002	0	0	0.001	#N/A
	Suffolk City	0.395	0.145	0.312	0.071	0.068	0.003	0.001	0.002	0.001	0.001	0	0.001	#N/A
	Surry County	0.454	0.206	0.226	0.084	0.02	0.004	0.001	0	0	0.001	0.001	0	#N/A
	Sussex County	0.493	0.162	0.227	0.065	0.039	0.006	0.001	0	0.001	0.001	0.002	0.002	#N/A
	Tazewell County	0.579	0.164	0.151	0.06	0.036	0.002	0.002	0.002	0.001	0.001	0	0.001	#N/A
	Virginia Beach City	0.397	0.12	0.324	0.058	0.089	0.003	0.002	0.004	0.001	0.001	0	0	#N/A
	Warren County	0.395	0.257	0.228	0.056	0.051	0.003	0.001	0.005	0.001	0.002	0	0	#N/A
	Washington County	0.434	0.245	0.201	0.062	0.048	0.002	0.002	0.002	0.001	0.001	0.001	0.001	#N/A
	Waynesboro City	0.322	0.205	0.289	0.086	0.081	0.005	0.004	0.004	0.001	0	0.001	0.001	#N/A
	Westmoreland County	0.488	0.132	0.216	0.072	0.083	0.004	0.001	0.001	0.002	0	0	0	#N/A
	Williamsburg City	0.217	0.096	0.408	0.043	0.223	0.006	0.001	0.002	0.001	0.003	0	0.001	#N/A
	Winchester City	0.32	0.175	0.31	0.073	0.108	0.004	0.004	0.003	0.001	0	0	0.001	#N/A
	Wise County	0.567	0.141	0.173	0.079	0.029	0.002	0.003	0.002	0.001	0.001	0.001	0	#N/A
	Wythe County	0.537	0.153	0.185	0.074	0.042	0.002	0.004	0.002	0.001	0	0	0	#N/A
	York County	0.332	0.142	0.354	0.062	0.098	0.004	0.002	0.003	0.001	0.001	0.001	0	#N/A